destination_id,service_id,target_url,page_type,source_cluster_ids,primary_query,secondary_queries,intent,title_intent,h1_intent,required_sections,price_factors,case_ids,photo_ids,internal_links,frozen_links,evidence_refs,evidence_state,missing_facts,status
FROZEN-268E90FAC815,,https://exp76.ru/category/drenazh-uchastka/,frozen,FROZEN-268E90FAC815,в ярославле есть организация занимающаяся дренажными работами,в ярославле есть организация занимающаяся дренажными работами,frozen_collision,в ярославле есть организация занимающаяся дренажными работами — Эксперты,В ярославле есть организация занимающаяся дренажными работами,Состав работ|когда подходит|этапы|факторы цены|примеры работ|FAQ|связанные услуги,не применяется к сохраненному владельцу|контекст перехода,,,https://exp76.ru/services/,,protected_owner:https://exp76.ru/category/drenazh-uchastka/,publication=ready;cases=needs_mapping;photos=needs_mapping,карта реальных кейсов|карта фотографий|подтвержденные цены и сроки,needs_case_mapping
FROZEN-5398736839B9,,https://exp76.ru/category/livnevaya-kanalizatsiya/,frozen,FROZEN-5398736839B9,key phrase ремонт ливневой канализации ростов,key phrase ремонт ливневой канализации ростов,frozen_collision,key phrase ремонт ливневой канализации ростов — Эксперты,Key phrase ремонт ливневой канализации ростов,Состав работ|когда подходит|этапы|факторы цены|примеры работ|FAQ|связанные услуги,не применяется к сохраненному владельцу|контекст перехода,,,https://exp76.ru/services/,,protected_owner:https://exp76.ru/category/livnevaya-kanalizatsiya/,publication=ready;cases=needs_mapping;photos=needs_mapping,карта реальных кейсов|карта фотографий|подтвержденные цены и сроки,needs_case_mapping
FROZEN-6714C54192CE,,https://exp76.ru/category/ukladka-trotuarnoy-plitki/,frozen,FROZEN-6714C54192CE,авито углич укладка брусчатки,авито углич укладка брусчатки,frozen_collision,авито углич укладка брусчатки — Эксперты,Авито углич укладка брусчатки,Состав работ|когда подходит|этапы|факторы цены|примеры работ|FAQ|связанные услуги,не применяется к сохраненному владельцу|контекст перехода,,,https://exp76.ru/services/,,protected_owner:https://exp76.ru/category/ukladka-trotuarnoy-plitki/,publication=ready;cases=needs_mapping;photos=needs_mapping,карта реальных кейсов|карта фотографий|подтвержденные цены и сроки,needs_case_mapping
FROZEN-7D3282BAA29C,,https://exp76.ru/category/otmostka-vokrug-doma/,frozen,FROZEN-7D3282BAA29C,алиса напиши типовой проект отмостки для кирпичного дома 100м2 и нахождением в г ярославль,алиса напиши типовой проект отмостки для кирпичного дома 100м2 и нахождением в г ярославль,frozen_collision,алиса напиши типовой проект отмостки для кирпичного дома 100м2 и нахождением в г ярославль — Эксперты,Алиса напиши типовой проект отмостки для кирпичного дома 100м2 и нахождением в г ярославль,Состав работ|когда подходит|этапы|факторы цены|примеры работ|FAQ|связанные услуги,не применяется к сохраненному владельцу|контекст перехода,,,https://exp76.ru/services/,,protected_owner:https://exp76.ru/category/otmostka-vokrug-doma/,publication=ready;cases=needs_mapping;photos=needs_mapping,карта реальных кейсов|карта фотографий|подтвержденные цены и сроки,needs_case_mapping
FROZEN-DED8C0F5020F,,https://exp76.ru/category/osushenie-uchastka/,frozen,FROZEN-DED8C0F5020F,какую иву выбрать для осушения участка,какую иву выбрать для осушения участка,frozen_collision,какую иву выбрать для осушения участка — Эксперты,Какую иву выбрать для осушения участка,Состав работ|когда подходит|этапы|факторы цены|примеры работ|FAQ|связанные услуги,не применяется к сохраненному владельцу|контекст перехода,,,https://exp76.ru/services/,,protected_owner:https://exp76.ru/category/osushenie-uchastka/,publication=ready;cases=needs_mapping;photos=needs_mapping,карта реальных кейсов|карта фотографий|подтвержденные цены и сроки,needs_case_mapping
FROZEN-F839FE6BFD56,,https://exp76.ru/category/avtopoliv-na-uchastke/,frozen,FROZEN-F839FE6BFD56|SERP-92449D7EF3C6,автоматический полив газона под ключ,газоны в рыбинске|где в мышкине газоны|где у мышкины газоны|планировка участка под газон ярославль|полив газонов ярославль|рыбинск революция 2 газоны|уход за газоном в неклиновском яр обл,frozen_collision|commercial_research,автоматический полив газона под ключ — Эксперты,Автоматический полив газона под ключ,Состав работ|когда подходит|этапы|факторы цены|примеры работ|FAQ|связанные услуги,не применяется к сохраненному владельцу|контекст перехода,,,https://exp76.ru/services/,,protected_owner:https://exp76.ru/category/avtopoliv-na-uchastke/,publication=ready;cases=needs_mapping;photos=needs_mapping,карта реальных кейсов|карта фотографий|подтвержденные цены и сроки,needs_case_mapping
S4-ARTICLE-PRUNING-GUIDE,S4,https://exp76.ru/obrezka-derevev-shema/,article,HOLD-136ED0AAB28A|HOLD-32452491B993,обрезка деревьев схема,как называется обрезка деревьев|как сделать обрезку дерева|обрезка деревьев инструкция|обрезка плодовых деревьев схемы|обрезки дерева как называется|схема обрезки деревьев|схема обрезки плодовых деревьев|как выбрать секатор для обрезки кустарников|как выбрать секатор садовый для обрезки кустарников,informational,обрезка деревьев схема — Эксперты,Обрезка деревьев схема,Краткий ответ|условия и ограничения|пошаговый разбор|типовые ошибки|когда нужен подрядчик|связанная услуга,площадь сада|состав работ|состояние растений|сезонность|вывоз растительных остатков,,,https://exp76.ru/services/ukhod-za-sadom/|https://exp76.ru/shema-uhoda-za-sadom/|https://exp76.ru/obrezka-derevev-i-kustarnikov/,,missing_representative_serp:HOLD-136ED0AAB28A,publication=backlog;cases=needs_mapping;photos=needs_mapping,успешная representative-query SERP|проверенные иллюстрации|редакторская проверка,needs_case_mapping
S2-ARTICLE-15A8258BC551,S2,https://exp76.ru/ustrojstvo-gazona-shema/,article,HOLD-15A8258BC551,устройство газона схема,устройство газона схема,informational,устройство газона схема — Эксперты,Устройство газона схема,Краткий ответ|условия и ограничения|пошаговый разбор|типовые ошибки|когда нужен подрядчик|связанная услуга,площадь|подготовка грунта|тип газона|доставка|полив|удаленность объекта,,,https://exp76.ru/services/gazon-posevnojj-i-gazon-rulonnyjj/|https://exp76.ru/kak-ukladyvat-rulonnyj-gazon/|https://exp76.ru/posevnoj-gazon-pod-kljuch/|https://exp76.ru/rulonnyj-gazon-pod-kljuch/,https://exp76.ru/category/avtopoliv-na-uchastke/,missing_representative_serp:HOLD-15A8258BC551,publication=backlog;cases=needs_mapping;photos=needs_mapping,успешная representative-query SERP|проверенные иллюстрации|редакторская проверка,needs_case_mapping
S2-ARTICLE-182825428CBD,S2,https://exp76.ru/kak-ukladyvat-rulonnyj-gazon/,article,HOLD-182825428CBD,как укладывать рулонный газон,как делают газон ярославль|как подготовить участок под рулонный газон|как правильно укладывать рулонный газон|как правильно укладывать рулонный газон своими руками|как срезают рулонный газон|как уложить рулонный газон своими руками|рулонный газон как подготовить|рулонный газон как укладывать самостоятельно|рулонный газон своими руками|рулонный газон своими руками пошаговая инструкция,informational,как укладывать рулонный газон — Эксперты,Как укладывать рулонный газон,Краткий ответ|условия и ограничения|пошаговый разбор|типовые ошибки|когда нужен подрядчик|связанная услуга,площадь|подготовка грунта|тип газона|доставка|полив|удаленность объекта,,,https://exp76.ru/services/gazon-posevnojj-i-gazon-rulonnyjj/|https://exp76.ru/ustrojstvo-gazona-shema/|https://exp76.ru/posevnoj-gazon-pod-kljuch/|https://exp76.ru/rulonnyj-gazon-pod-kljuch/,https://exp76.ru/category/avtopoliv-na-uchastke/,missing_representative_serp:HOLD-182825428CBD,publication=backlog;cases=needs_mapping;photos=needs_mapping,успешная representative-query SERP|проверенные иллюстрации|редакторская проверка,needs_case_mapping
S1-ARTICLE-505521C7EF8C,S1,https://exp76.ru/kak-rasschitat-stoimost-blagoustrojstva-sa-sotku/,article,HOLD-505521C7EF8C,как рассчитать стоимость благоустройства са сотку,как рассчитать стоимость благоустройства са сотку,informational,как рассчитать стоимость благоустройства са сотку — Эксперты,Как рассчитать стоимость благоустройства са сотку,Краткий ответ|условия и ограничения|пошаговый разбор|типовые ошибки|когда нужен подрядчик|связанная услуга,площадь|состав проектных разделов|исходные данные|визуализация|авторское сопровождение,,,https://exp76.ru/services/landshaftnoe-proektirovanie/|https://exp76.ru/kak-rasschitat-inzhenernoe-blagoustrojstvo-uchastka/|https://exp76.ru/dizajn-proekt-uchastka-svoimi-rukami/,https://exp76.ru/category/drenazh-uchastka/|https://exp76.ru/category/livnevaya-kanalizatsiya/|https://exp76.ru/category/avtopoliv-na-uchastke/|https://exp76.ru/category/ukladka-trotuarnoy-plitki/,missing_representative_serp:HOLD-505521C7EF8C,publication=backlog;cases=needs_mapping;photos=needs_mapping,успешная representative-query SERP|проверенные иллюстрации|редакторская проверка,needs_case_mapping
S6-ARTICLE-DIY-RETAINING-WALL,S6,https://exp76.ru/podpornaya-stenka-na-uchastke-svoimi-rukami/,article,HOLD-70212404217F|HOLD-544177B45D38,подпорная стенка на участке своими руками,как построить подпорную стенку на участке|как сделать подпорную стенку на участке|подпорная стенка на участке своими руками дешево|как залить подпорную стенку из бетона,informational,подпорная стенка на участке своими руками — Эксперты,Подпорная стенка на участке своими руками,Краткий ответ|условия и ограничения|пошаговый разбор|типовые ошибки|когда нужен подрядчик|связанная услуга,длина и высота|материал|основание|рельеф|условия отвода воды,,,https://exp76.ru/services/podpornye-stenki/,https://exp76.ru/category/drenazh-uchastka/,missing_representative_serp:HOLD-70212404217F,publication=backlog;cases=needs_mapping;photos=needs_mapping,успешная representative-query SERP|проверенные иллюстрации|редакторская проверка,needs_case_mapping
S1-ARTICLE-72FBB49E67C8,S1,https://exp76.ru/kak-rasschitat-inzhenernoe-blagoustrojstvo-uchastka/,article,HOLD-72FBB49E67C8,как рассчитать инженерное благоустройство участка,как выполнить ландшафтное проектирование участка,informational,как рассчитать инженерное благоустройство участка — Эксперты,Как рассчитать инженерное благоустройство участка,Краткий ответ|условия и ограничения|пошаговый разбор|типовые ошибки|когда нужен подрядчик|связанная услуга,площадь|состав проектных разделов|исходные данные|визуализация|авторское сопровождение,,,https://exp76.ru/services/landshaftnoe-proektirovanie/|https://exp76.ru/kak-rasschitat-stoimost-blagoustrojstva-sa-sotku/|https://exp76.ru/dizajn-proekt-uchastka-svoimi-rukami/,https://exp76.ru/category/drenazh-uchastka/|https://exp76.ru/category/livnevaya-kanalizatsiya/|https://exp76.ru/category/avtopoliv-na-uchastke/|https://exp76.ru/category/ukladka-trotuarnoy-plitki/,missing_representative_serp:HOLD-72FBB49E67C8,publication=backlog;cases=needs_mapping;photos=needs_mapping,успешная representative-query SERP|проверенные иллюстрации|редакторская проверка,needs_case_mapping
S5-ARTICLE-74B3B2B18DA4,S5,https://exp76.ru/vyravnivanie-uchastka-svoimi-rukami/,article,HOLD-74B3B2B18DA4,выравнивание участка своими руками,выравнивание участка под газон своими руками|как сделать выравнивание участка,informational,выравнивание участка своими руками — Эксперты,Выравнивание участка своими руками,Краткий ответ|условия и ограничения|пошаговый разбор|типовые ошибки|когда нужен подрядчик|связанная услуга,площадь|перепад высот|объем перемещения грунта|техника|условия подъезда,,,https://exp76.ru/services/planirovka-territorii/|https://exp76.ru/shema-planirovki-uchastka/|https://exp76.ru/vyravnivanie-uchastka/,https://exp76.ru/category/drenazh-uchastka/|https://exp76.ru/category/osushenie-uchastka/|https://exp76.ru/category/livnevaya-kanalizatsiya/,missing_representative_serp:HOLD-74B3B2B18DA4,publication=backlog;cases=needs_mapping;photos=needs_mapping,успешная representative-query SERP|проверенные иллюстрации|редакторская проверка,needs_case_mapping
S1-ARTICLE-DIY-DESIGN,S1,https://exp76.ru/dizajn-proekt-uchastka-svoimi-rukami/,article,HOLD-9CF4ABC55090|HOLD-FD41CABAE854,дизайн проект участка своими руками,как самой сделать ландшафтный дизайн участка|как сделать ландшафтный дизайн участка|как спроектировать ландшафтный дизайн участка|как спроектировать ландшафтный дизайн участка самому|ландшафтный дизайн дачного участка своими руками|ландшафтный дизайн проект участка своими руками|ландшафтный дизайн пруда на участке своими руками|ландшафтный дизайн участка 6 своими руками|ландшафтный дизайн участка 6 соток своими руками|ландшафтный дизайн участка своими руками|ландшафтный дизайн участка своими руками фотогалерея|ландшафтный дизайн фото дачных участков своими руками|схема ландшафтного дизайна участка|схема ландшафтного дизайна участка 6 соток|схемы ландшафтного дизайна дачного участка|фото ландшафтного дизайна участка своими руками,informational,дизайн проект участка своими руками — Эксперты,Дизайн проект участка своими руками,Краткий ответ|условия и ограничения|пошаговый разбор|типовые ошибки|когда нужен подрядчик|связанная услуга,площадь|состав проектных разделов|исходные данные|визуализация|авторское сопровождение,,,https://exp76.ru/services/landshaftnoe-proektirovanie/|https://exp76.ru/kak-rasschitat-stoimost-blagoustrojstva-sa-sotku/|https://exp76.ru/kak-rasschitat-inzhenernoe-blagoustrojstvo-uchastka/,https://exp76.ru/category/drenazh-uchastka/|https://exp76.ru/category/livnevaya-kanalizatsiya/|https://exp76.ru/category/avtopoliv-na-uchastke/|https://exp76.ru/category/ukladka-trotuarnoy-plitki/,missing_representative_serp:HOLD-9CF4ABC55090,publication=backlog;cases=needs_mapping;photos=needs_mapping,успешная representative-query SERP|проверенные иллюстрации|редакторская проверка,needs_case_mapping
S3-ARTICLE-PLANTING-SCHEMES,S3,https://exp76.ru/normy-posadki-derevev/,article,HOLD-A31AAE5725CD|HOLD-1D9AC2530460|HOLD-AF75D8A25C90,нормы посадки деревьев,высадка или посадка деревьев как правильно писать|денежное дерево как взять отросток для посадки|инструкция по посадке живого плетеного дерева ива|инструкция посадки дерева|как выглядит малиновое дерево фото размножение посадка|как использовать фитоспорин м при посадке деревьев|как определить место для посадки дерева|как осуществляется посадка деревьев и кустарников|как подвязать саженцы деревьев при посадке|как подвязывать деревья при посадке|как подготовить кусок дерева для посадки орхидей|как поливать плодовые деревья после посадки|как поливать саженцы деревьев после посадки|как правильно подвязывать деревья после посадки|как распланировать посадку деревьев на участке|как распланировать посадку плодовых деревьев|как сохранить деревья до посадки|как сохранить саженцы плодовых деревьев до посадки|как укрепить насыпные холмики для посадки деревьев|как укрепить холм для посадки деревьев,informational,нормы посадки деревьев — Эксперты,Нормы посадки деревьев,Краткий ответ|условия и ограничения|пошаговый разбор|типовые ошибки|когда нужен подрядчик|связанная услуга,вид и размер растений|подготовка посадочных мест|грунт|доставка|уход после посадки,,,https://exp76.ru/services/posadka-derevev-i-kustarnikov/|https://exp76.ru/posadka-krupnomerov/,https://exp76.ru/category/avtopoliv-na-uchastke/,missing_representative_serp:HOLD-A31AAE5725CD,publication=backlog;cases=needs_mapping;photos=needs_mapping,успешная representative-query SERP|проверенные иллюстрации|редакторская проверка,needs_case_mapping
S8-ARTICLE-DIY-ENTRANCE,S8,https://exp76.ru/kak-sdelat-vezd-na-uchastok-cherez-kanavu/,article,HOLD-BE8C4D20F9A4|HOLD-2F1C98E80F71|HOLD-5B52CBB329C4|HOLD-EB70299AA189,как сделать въезд на участок через канаву,въезд на участок через канаву своими руками|въезд через канаву своими руками|как обустроить въезд на участок через канаву|как правильно сделать въезд через канаву|делаем заезд на участок своими руками|заезд на участок своими руками|заезд на участок своими руками пошаговая|заезд на участок своими руками пошаговая инструкция|заезд на участок схема|как делать заезд на участок|как правильно делать заезд на участок|как правильно сделать заезд на участок|как сделать заезд на участок|как сделать заезд на участок для машины|как сделать заезд на участок с уклоном|как сделать заезд на участок своими руками|въезд на участок своими руками|въезд на участок через своими руками|как обустроить въезд на участок|как отсыпать въезд на участок,informational,как сделать въезд на участок через канаву — Эксперты,Как сделать въезд на участок через канаву,Краткий ответ|условия и ограничения|пошаговый разбор|типовые ошибки|когда нужен подрядчик|связанная услуга,ширина въезда|глубина канавы|нагрузка|материалы|условия подъезда,,,https://exp76.ru/services/vezd-zaezd-na-uchastok-cherez-kanavu-pod-kljuch/,https://exp76.ru/category/drenazh-uchastka/|https://exp76.ru/category/livnevaya-kanalizatsiya/,missing_representative_serp:HOLD-BE8C4D20F9A4,publication=backlog;cases=needs_mapping;photos=needs_mapping,успешная representative-query SERP|проверенные иллюстрации|редакторская проверка,needs_case_mapping
S7-ARTICLE-DIY-LIGHTING,S7,https://exp76.ru/kak-sdelat-osveschenie-na-uchastke/,article,HOLD-EC53FCBA2C1F|HOLD-5A855707AEC1|HOLD-CA29C3BD9F29,как сделать освещение на участке,варианты освещения участка своими руками|как провести освещение на дачном участке|как сделать освещение на участке частного дома|освещение на дачном участке своими руками|освещение на участке своими руками|освещение участка загородного дома своими руками|схема освещения участка|подсветка участка своими руками|подсветка дорожек на участке своими руками|подсветка дорожек своими руками,informational,как сделать освещение на участке — Эксперты,Как сделать освещение на участке,Краткий ответ|условия и ограничения|пошаговый разбор|типовые ошибки|когда нужен подрядчик|связанная услуга,площадь|количество зон|схема прокладки|оборудование|условия подключения,,,https://exp76.ru/services/ulichnoe-osveshhenie-uchastka/,,missing_representative_serp:HOLD-EC53FCBA2C1F,publication=backlog;cases=needs_mapping;photos=needs_mapping,успешная representative-query SERP|проверенные иллюстрации|редакторская проверка,needs_case_mapping
S4-ARTICLE-F668FF6F6190,S4,https://exp76.ru/shema-uhoda-za-sadom/,article,HOLD-F668FF6F6190,схема ухода за садом,сад огород своими руками уход за викторией,informational,схема ухода за садом — Эксперты,Схема ухода за садом,Краткий ответ|условия и ограничения|пошаговый разбор|типовые ошибки|когда нужен подрядчик|связанная услуга,площадь сада|состав работ|состояние растений|сезонность|вывоз растительных остатков,,,https://exp76.ru/services/ukhod-za-sadom/|https://exp76.ru/obrezka-derevev-shema/|https://exp76.ru/obrezka-derevev-i-kustarnikov/,,missing_representative_serp:HOLD-F668FF6F6190,publication=backlog;cases=needs_mapping;photos=needs_mapping,успешная representative-query SERP|проверенные иллюстрации|редакторская проверка,needs_case_mapping
S5-ARTICLE-FF3B04A53D72,S5,https://exp76.ru/shema-planirovki-uchastka/,article,HOLD-FF3B04A53D72,схема планировки участка,вертикальная планировка участка как делать|вертикальная планировка участка как делать пошагово|как делается планировка участка|как делают планировку участка|как обустроить участок 6 соток планировка|как обустроить участок 6 соток планировка фото|как правильно делать планировку участка|как правильно сделать планировку участка|как сделать вертикальную планировку участка|как сделать планировку участка|как сделать планировку участка мотоблоком|как сделать планировку участка своими руками|как сделать планировку участка трактором|как составить планировку участка|нормы планировки и застройки участков|нормы планировки и застройки участков для ижс|нормы планировки участка|планировка дачного участка 10 соток схемы|планировка дачного участка 5 соток схема|планировка дачного участка 5 соток схема варианты,informational,схема планировки участка — Эксперты,Схема планировки участка,Краткий ответ|условия и ограничения|пошаговый разбор|типовые ошибки|когда нужен подрядчик|связанная услуга,площадь|перепад высот|объем перемещения грунта|техника|условия подъезда,,,https://exp76.ru/services/planirovka-territorii/|https://exp76.ru/vyravnivanie-uchastka-svoimi-rukami/|https://exp76.ru/vyravnivanie-uchastka/,https://exp76.ru/category/drenazh-uchastka/|https://exp76.ru/category/osushenie-uchastka/|https://exp76.ru/category/livnevaya-kanalizatsiya/,missing_representative_serp:HOLD-FF3B04A53D72,publication=backlog;cases=needs_mapping;photos=needs_mapping,успешная representative-query SERP|проверенные иллюстрации|редакторская проверка,needs_case_mapping
S3-CHILD-KRUPNOMERY,S3,https://exp76.ru/posadka-krupnomerov/,child_service,SERP-09010110F02E,посадка крупномеров,посадка крупномеров переславль залесский|посадка крупномеров рыбинск|посадка крупномеров тутаев|посадка крупномеров углич|посадка плодовых крупномеров,commercial_research,посадка крупномеров — Эксперты,Посадка крупномеров,Состав работ|когда подходит|этапы|факторы цены|примеры работ|FAQ|связанные услуги,вид и размер растений|подготовка посадочных мест|грунт|доставка|уход после посадки,,,https://exp76.ru/services/posadka-derevev-i-kustarnikov/|https://exp76.ru/normy-posadki-derevev/,https://exp76.ru/category/avtopoliv-na-uchastke/,Q000064,publication=blocked_facts;cases=needs_mapping;photos=needs_mapping,карта реальных кейсов|карта фотографий|подтвержденные цены и сроки,needs_case_mapping
S5-CHILD-VYRAVNIVANIE,S5,https://exp76.ru/vyravnivanie-uchastka/,child_service,SERP-13FD00FC92C7|HOLD-4E5B4B602503|SERP-3AF29E33EBAC|SERP-F560E613866F,выравнивание участка,благоустройство участка выравнивание|выравнивание дачного участка|выравнивание земельного участка|выравнивание и перекопка участка|выравнивание садового участка|выравнивание участка 10 соток|выравнивание участка газон|выравнивание участка глиной|выравнивание участка дом|выравнивание участка забор|выравнивание участка мини трактором|выравнивание участка московская область|выравнивание участка мотоблоком|выравнивание участка мульчером|выравнивание участка область|выравнивание участка отсыпкой|выравнивание участка переславль залесский|выравнивание участка песком|выравнивание участка по лазеру ярославль|выравнивание участка под газон,commercial_research|transactional,выравнивание участка — Эксперты,Выравнивание участка,Состав работ|когда подходит|этапы|факторы цены|примеры работ|FAQ|связанные услуги,площадь|перепад высот|объем перемещения грунта|техника|условия подъезда,,,https://exp76.ru/services/planirovka-territorii/|https://exp76.ru/vyravnivanie-uchastka-svoimi-rukami/|https://exp76.ru/shema-planirovki-uchastka/,https://exp76.ru/category/drenazh-uchastka/|https://exp76.ru/category/osushenie-uchastka/|https://exp76.ru/category/livnevaya-kanalizatsiya/,Q000081|business_source:ftp_dump_minimal/wp-content/themes/land76wp/content/service-v2/planirovka-territorii.json#intro+services.items[Выравнивание],publication=blocked_facts;cases=needs_mapping;photos=needs_mapping,карта реальных кейсов|карта фотографий|подтвержденные цены и сроки,needs_case_mapping
S2-CHILD-POSEVNOY-GAZON,S2,https://exp76.ru/posevnoj-gazon-pod-kljuch/,child_service,SERP-6070ECC246E8|SERP-1E2A5B0176EC|SERP-C1723250580F,посевной газон,лучшая посевная установка для газона|лучший посевной газон|посевной газон переславль залесский|посевной газон рыбинск|посевной газон тутаев|посевной газон углич|посевной газон цена|посевной газон цена за м2|посевной газон под ключ г ярославль ул магистральная 7 7,commercial_research|transactional,посевной газон — Эксперты,Посевной газон,Состав работ|когда подходит|этапы|факторы цены|примеры работ|FAQ|связанные услуги,площадь|подготовка грунта|тип газона|доставка|полив|удаленность объекта,,,https://exp76.ru/services/gazon-posevnojj-i-gazon-rulonnyjj/|https://exp76.ru/ustrojstvo-gazona-shema/|https://exp76.ru/kak-ukladyvat-rulonnyj-gazon/|https://exp76.ru/rulonnyj-gazon-pod-kljuch/,https://exp76.ru/category/avtopoliv-na-uchastke/,Q000047|business_source:ftp_dump_minimal/wp-content/themes/land76wp/content/service-v2/gazon-posevnojj-i-gazon-rulonnyjj.json#services.items[Посевной газон],publication=blocked_facts;cases=needs_mapping;photos=needs_mapping,карта реальных кейсов|карта фотографий|подтвержденные цены и сроки,needs_case_mapping
S6-HUB,S6,https://exp76.ru/services/podpornye-stenki/,hub,SERP-69104D6AA308|HOLD-6179B3D98517|SERP-3CDF6B2A903F|SERP-468BED4A1CF4|SERP-5703FC9B6AB2|SERP-951E1BC7177B|SERP-970C6936F24A,подпорная стенка на участке,армогрунтовые подпорные стены в ярославле|бетонная подпорная стенка на участке|дешевая подпорная стенка на участке|забор подпорная стенка на участке|подпорная стенка из габионов на участке|подпорная стенка на садовом участке|подпорная стенка на сваях на участке|подпорная стенка на участке для парковки|подпорная стенка на участке из бетона|подпорная стенка на участке из блоков|подпорная стенка на участке из камня|подпорная стенка на участке из кирпича|подпорная стенка на участке переславль залесский|подпорная стенка на участке рыбинск|подпорная стенка на участке с уклоном|подпорная стенка на участке тутаев|подпорная стенка на участке углич|подпорная стенка пошехонье|подпорные стенки на участке с уклоном фото|устройство подпорной стенки на участке,commercial_research|transactional,подпорная стенка на участке — Эксперты,Подпорная стенка на участке,Состав работ|когда подходит|этапы|факторы цены|примеры работ|FAQ|связанные услуги,длина и высота|материал|основание|рельеф|условия отвода воды,,,https://exp76.ru/podpornaya-stenka-na-uchastke-svoimi-rukami/,https://exp76.ru/category/drenazh-uchastka/,Q000104,publication=ready;cases=needs_mapping;photos=needs_mapping,карта реальных кейсов|карта фотографий|подтвержденные цены и сроки,needs_case_mapping
S7-HUB,S7,https://exp76.ru/services/ulichnoe-osveshhenie-uchastka/,hub,SERP-6979557B24CA|HOLD-E9DA472745AE|HOLD-F28F0E53D909|SERP-2716C16CFFC8|SERP-D0ED9EC8158D,монтаж освещения участка рыбинск,монтаж освещения участка переславль залесский|монтаж освещения участка тутаев|монтаж освещения участка углич|монтаж освещения участка|устройство освещения участка|уличное освещение частного дома переславль залесский|уличное освещение частного дома тутаев|уличное освещение частного дома углич|уличное освещение частного дома рыбинск|ландшафтное освещение ярославль,transactional|commercial_research,монтаж освещения участка рыбинск — Эксперты,Монтаж освещения участка рыбинск,Состав работ|когда подходит|этапы|факторы цены|примеры работ|FAQ|связанные услуги,площадь|количество зон|схема прокладки|оборудование|условия подключения,,,https://exp76.ru/kak-sdelat-osveschenie-na-uchastke/,,Q000109,publication=ready;cases=needs_mapping;photos=needs_mapping,карта реальных кейсов|карта фотографий|подтвержденные цены и сроки,needs_case_mapping
S4-HUB,S4,https://exp76.ru/services/ukhod-za-sadom/,hub,SERP-6CE4B6AF888B|HOLD-28627278866D|SERP-651B7A994F7E|SERP-7BD020023148|SERP-7DE3AAD9BA6E|SERP-AA3B1ED86F1C,уход за садом,алгоритм ухода за растениями в детском саду|антонов сад уход за клубникой осенью|группа уход за садом|детский сад уход за животные google|дмитриев сад канал уход за голубикой|договор уход за садом|игра детский сад уход за детьми|игры уход за детским садом|инструменты для ухода за садом|календарь ухода за садом|карта ухода за садом|картинка уход за садом|компания уход за садом|комплексный уход за садом|комплект инструмента для ухода за садом greenworks|лучшая книга для ухода за колоновидным садом|набор для сада и ухода за собой|нужен уход за садом|отпуск по уходу за садом|план ухода за садом,commercial_research|transactional,уход за садом — Эксперты,Уход за садом,Состав работ|когда подходит|этапы|факторы цены|примеры работ|FAQ|связанные услуги,площадь сада|состав работ|состояние растений|сезонность|вывоз растительных остатков,,,https://exp76.ru/obrezka-derevev-shema/|https://exp76.ru/shema-uhoda-za-sadom/|https://exp76.ru/obrezka-derevev-i-kustarnikov/,,Q000078,publication=ready;cases=needs_mapping;photos=needs_mapping,карта реальных кейсов|карта фотографий|подтвержденные цены и сроки,needs_case_mapping
S5-HUB,S5,https://exp76.ru/services/planirovka-territorii/,hub,SERP-6DB26688AA57|HOLD-37D2E790086A|HOLD-915B86D6B9ED|SERP-01050EAE1F1F|SERP-0DD3D2B067B4|SERP-28A33A22AC12|SERP-38789FF53DEB|SERP-490CDCE58295|SERP-7CD860AE1E28|SERP-AA8EBFF26F36|SERP-AE4638D982DC,планировка участка,3d планировка участка|3д планировка дома и участка онлайн|3д планировка участка|3д планировка участка онлайн бесплатно|4 сотки планировка участка с домиком|аренда мини трактора для планировки участка|аренда мини трактора для планировки участка в ярославле|аренда планировка участок|аренда трактора для планировки участка|архитектурная планировка земельного участка|архитектурная планировка участка|бесплатная планировка дома на участке|бобкэт планировка участка|большие участки планировка|бульдозер на пульте управления для планировки участка|в какой программе делать планировку участка|в какой программе сделать планировку участка|варианты планировки дачного участка 6 соток|варианты планировки дачных участков|варианты планировки земельного участка,commercial_research|transactional,планировка участка — Эксперты,Планировка участка,Состав работ|когда подходит|этапы|факторы цены|примеры работ|FAQ|связанные услуги,площадь|перепад высот|объем перемещения грунта|техника|условия подъезда,,,https://exp76.ru/vyravnivanie-uchastka-svoimi-rukami/|https://exp76.ru/shema-planirovki-uchastka/|https://exp76.ru/vyravnivanie-uchastka/,https://exp76.ru/category/drenazh-uchastka/|https://exp76.ru/category/osushenie-uchastka/|https://exp76.ru/category/livnevaya-kanalizatsiya/,Q000094|Q000095,publication=ready;cases=needs_mapping;photos=needs_mapping,карта реальных кейсов|карта фотографий|подтвержденные цены и сроки,needs_case_mapping
S1-HUB,S1,https://exp76.ru/services/landshaftnoe-proektirovanie/,hub,SERP-704B34378555|HOLD-94EF07DDD02E|HOLD-9DDC73BD2CD3|HOLD-C31745B2E9F7|SERP-06251F551165|SERP-125679FE4BFA|SERP-18995A41CDF6|SERP-48476265400C|SERP-4D594D564DC8|SERP-AD553C0B8A2D|SERP-BE9D594EE9B4|SERP-E3CEDAA277E9|SERP-E7E51C21D43B,ландшафтное проектирование участка,stroycalc расчет благоустройства участка|благоустройство участка дома проекты|деньги за благоустройства участка ярославская область|застройщики благоустройства территорий в ярославле|проект благоустройства земельного участка|проект благоустройства участка переславль залесский|проект благоустройства участка рыбинск|проект благоустройства участка тутаев|проект благоустройства участка углич|рассчитать смету благоустройства онлайн|расчет благоустройства онлайн|старший смены благоустройства коприно|стройкальк расчет благоустройства участка|территории для благоустройства в рыбинске|территория для благоустройства рыбинск|центр благоустройства hs bycr|бесплатный ландшафтный дизайн участка|варианты дизайна участка ландшафтный дизайн|варианты ландшафтного дизайна дачного участка|виды ландшафтного дизайна участка,commercial_research|transactional,ландшафтное проектирование участка — Эксперты,Ландшафтное проектирование участка,Состав работ|когда подходит|этапы|факторы цены|примеры работ|FAQ|связанные услуги,площадь|состав проектных разделов|исходные данные|визуализация|авторское сопровождение,,,https://exp76.ru/kak-rasschitat-stoimost-blagoustrojstva-sa-sotku/|https://exp76.ru/kak-rasschitat-inzhenernoe-blagoustrojstvo-uchastka/|https://exp76.ru/dizajn-proekt-uchastka-svoimi-rukami/,https://exp76.ru/category/drenazh-uchastka/|https://exp76.ru/category/livnevaya-kanalizatsiya/|https://exp76.ru/category/avtopoliv-na-uchastke/|https://exp76.ru/category/ukladka-trotuarnoy-plitki/,Q000019,publication=ready;cases=needs_mapping;photos=needs_mapping,карта реальных кейсов|карта фотографий|подтвержденные цены и сроки,needs_case_mapping
SPECIAL-SERVICES-CATALOG,S1,https://exp76.ru/services/,special,SERP-7A77EA65DFCA|HOLD-07E2BACAC1EA|HOLD-448EB54B315D|HOLD-81D00C204EE9|SERP-0FA0C101C6DD|SERP-501565B73C13|SERP-87C0A7353C83|SERP-A0149C55D54D|SERP-AB14F61F8612|SERP-BA00FDE71D08|SERP-E5B256F4A786|SERP-FCAB83A5E3BE,благоустройство участка,благоустройство участка участка ярославль|благоустройство участка ярославская область|благоустройство участков ярославль|комплексное благоустройство частных территорий|сайты благоустройства участков|key phrase благоустройство дворов рыбинск|key phrase благоустройство рыбинска|key phrase благоустройство ярославской области|агенство по благоустройству тутаев|агентство благоустройство рыбинск|ано благоустройство ярославль|благоустройство 76 ру|благоустройство дачного участка в ярославле|благоустройство двора рыбинск ярославская область|благоустройство за забором участка ярославская область|благоустройство за забором ярославская область|благоустройство земельного участка и территории по ярославской области|благоустройство земельных участков ярославская область|благоустройство ландшафта рыбинск|благоустройство озеленение,commercial_research|transactional,благоустройство участка — Эксперты,Благоустройство участка,Состав работ|когда подходит|этапы|факторы цены|примеры работ|FAQ|связанные услуги,площадь|состав проектных разделов|исходные данные|визуализация|авторское сопровождение,,,https://exp76.ru/kak-rasschitat-stoimost-blagoustrojstva-sa-sotku/|https://exp76.ru/kak-rasschitat-inzhenernoe-blagoustrojstvo-uchastka/|https://exp76.ru/dizajn-proekt-uchastka-svoimi-rukami/|https://exp76.ru/services/landshaftnoe-proektirovanie/,https://exp76.ru/category/drenazh-uchastka/|https://exp76.ru/category/livnevaya-kanalizatsiya/|https://exp76.ru/category/avtopoliv-na-uchastke/|https://exp76.ru/category/ukladka-trotuarnoy-plitki/,Q000005,publication=ready;cases=needs_mapping;photos=needs_mapping,карта реальных кейсов|карта фотографий|подтвержденные цены и сроки,needs_case_mapping
S4-CHILD-OBREZKA,S4,https://exp76.ru/obrezka-derevev-i-kustarnikov/,child_service,SERP-B592CED7E831|HOLD-0D178048D6E9|SERP-0D0F2C22B0AB|SERP-8F99DD3FB843|SERP-ED6D674F80F1,обрезка деревьев,автовышки обрезка деревьев|аккумулятор на пилу для обрезки деревьев|аккумуляторная пила для обрезки деревьев в саду|аккумуляторная пила для обрезки деревьев какую выбрать|аккумуляторная пила для обрезки деревьев макита|аккумуляторная пила для обрезки деревьев на вб|аккумуляторные пилы для обрезки деревьев лучшее|аккумуляторные пилы для обрезки деревьев рейтинг лучших|аккумуляторный секатор для обрезки деревьев|аккумуляторный секатор макита для обрезки деревьев|бензопила обрезка деревьев|бензопилы для обрезки деревьев|в каком месяце делают обрезку деревьев|в каком месяце обрезка деревьев|валберис секатор аккумуляторный для обрезки деревьев|валберис секатор для обрезки деревьев|валка обрезка деревьев|видео обрезки деревьев|время обрезки деревьев|время обрезки плодовых деревьев,commercial_research|transactional,обрезка деревьев — Эксперты,Обрезка деревьев,Состав работ|когда подходит|этапы|факторы цены|примеры работ|FAQ|связанные услуги,площадь сада|состав работ|состояние растений|сезонность|вывоз растительных остатков,,,https://exp76.ru/services/ukhod-za-sadom/|https://exp76.ru/obrezka-derevev-shema/|https://exp76.ru/shema-uhoda-za-sadom/,,Q000072|business_source:ftp_dump_minimal/wp-content/themes/land76wp/content/service-v2/ukhod-za-sadom.json#seo.description+services.items[Обрезка],publication=blocked_facts;cases=needs_mapping;photos=needs_mapping,карта реальных кейсов|карта фотографий|подтвержденные цены и сроки,needs_case_mapping
S2-HUB,S2,https://exp76.ru/services/gazon-posevnojj-i-gazon-rulonnyjj/,hub,SERP-D06FD14A8839|HOLD-23F8882D4251|HOLD-973F3BFE6409|HOLD-C135773E31D9|SERP-63EDD3F67224|SERP-AD8EAA1CDE40|SERP-E492AC35BA1A,газон под ключ,газон под ключ цена|выравнивание участка под газон цена под ключ|газон на даче под ключ|газон на даче под ключ цена|газон на участке под ключ|газон под ключ в новосибирске|газон под ключ москва|газон под ключ нижний новгород|газон под ключ переславль залесский|газон под ключ рыбинск|газон под ключ спб|газон под ключ тутаев|газон под ключ углич|газон под ключ цена за м2|газон под ключ цена за сотку|газон под ключ ярославская область|газон посевной под ключ|газоны под ключ в ярославле|газоны под ключ московская область|заказать газон под ключ,transactional|commercial_research,газон под ключ — Эксперты,Газон под ключ,Состав работ|когда подходит|этапы|факторы цены|примеры работ|FAQ|связанные услуги,площадь|подготовка грунта|тип газона|доставка|полив|удаленность объекта,,,https://exp76.ru/ustrojstvo-gazona-shema/|https://exp76.ru/kak-ukladyvat-rulonnyj-gazon/|https://exp76.ru/posevnoj-gazon-pod-kljuch/|https://exp76.ru/rulonnyj-gazon-pod-kljuch/,https://exp76.ru/category/avtopoliv-na-uchastke/,Q000040|Q000041,publication=ready;cases=needs_mapping;photos=needs_mapping,карта реальных кейсов|карта фотографий|подтвержденные цены и сроки,needs_case_mapping
S2-CHILD-RULONNY-GAZON,S2,https://exp76.ru/rulonnyj-gazon-pod-kljuch/,child_service,SERP-D405C455A674|HOLD-38F85CB02478|HOLD-89A4E8CC1C19|SERP-0767F40D1ED4|SERP-151040020C7C|SERP-4D82034EB5C5|SERP-634958A3C2DB|SERP-7C47C44022BF,рулонный газон,авангард рыбинск газон|высота рулонного газона|газон 76|газон в рыбинске|газон в ярославской области|газон ключ рулонный|газон рулонный изумрудный|газон рулонный какой|газон рулонный какой лучше|газон рулонный натуральный ярославль|газоны рулонные гост|квадратный метр рулонного газона|можно ли уложить рулонный газон|московские рулонные газоны|на что укладывается рулонный газон|натуральный рулонный газон|ооо рулонные газоны|питомник газонов|подготовка почвы для рулонного газона|подкормка для рулонного газона,commercial_research|transactional,рулонный газон — Эксперты,Рулонный газон,Состав работ|когда подходит|этапы|факторы цены|примеры работ|FAQ|связанные услуги,площадь|подготовка грунта|тип газона|доставка|полив|удаленность объекта,,,https://exp76.ru/services/gazon-posevnojj-i-gazon-rulonnyjj/|https://exp76.ru/ustrojstvo-gazona-shema/|https://exp76.ru/kak-ukladyvat-rulonnyj-gazon/|https://exp76.ru/posevnoj-gazon-pod-kljuch/,https://exp76.ru/category/avtopoliv-na-uchastke/,Q000052|business_source:ftp_dump_minimal/wp-content/themes/land76wp/content/service-v2/gazon-posevnojj-i-gazon-rulonnyjj.json#services.items[Рулонный газон],publication=blocked_facts;cases=needs_mapping;photos=needs_mapping,карта реальных кейсов|карта фотографий|подтвержденные цены и сроки,needs_case_mapping
S8-HUB,S8,https://exp76.ru/services/vezd-zaezd-na-uchastok-cherez-kanavu-pod-kljuch/,hub,SERP-DA28A58E74C6|HOLD-69BD3745F445|HOLD-6C8BD897EC93|HOLD-86F8E876B7EA|HOLD-ADD9FC08AC1E|HOLD-B8BA815347B8|HOLD-F18CA983788E|SERP-040A03E7E8F3|SERP-28E8746F1C7F|SERP-46D9E5DD0AF8|SERP-504953171519|SERP-57EC0E41B977|SERP-854ADA9B5F75|SERP-88BDA565D7AA|SERP-95322B4882AA|SERP-AA4C9E8989B0|SERP-D5D9845EEF9D,въезд через канаву,заезд через канаву|заезд через канаву на участок|изготовление въезда на участок рыбинск цена|обустройство въезда на участок через канаву под ключ|обустройство въезда на участок через канаву под ключ цена в ярославле|организация въезда на участок через канаву под ключ|составить план дорожек и въезда на участок заказать|составить план дорожек и въезда на участок заказать в ярославле|труба для канавы для въезда на участок цена в русском лесе ярославль|бетонный заезд через канаву|заезд к дому через канаву|заезд на дачный участок через канаву|заезд на дачу через канаву|заезд на участок через канаву|заезд через канаву из бетона|заезд через канаву переславль залесский|заезд через канаву рыбинск|заезд через канаву углич|правильный заезд через канаву|сделать заезд на участок через канаву,commercial_research|transactional,въезд через канаву — Эксперты,Въезд через канаву,Состав работ|когда подходит|этапы|факторы цены|примеры работ|FAQ|связанные услуги,ширина въезда|глубина канавы|нагрузка|материалы|условия подъезда,,,https://exp76.ru/kak-sdelat-vezd-na-uchastok-cherez-kanavu/,https://exp76.ru/category/drenazh-uchastka/|https://exp76.ru/category/livnevaya-kanalizatsiya/,Q000117|Q000118,publication=ready;cases=needs_mapping;photos=needs_mapping,карта реальных кейсов|карта фотографий|подтвержденные цены и сроки,needs_case_mapping
S3-HUB,S3,https://exp76.ru/services/posadka-derevev-i-kustarnikov/,hub,SERP-F24614ECFE67|HOLD-6AE9AB011A17|HOLD-D5EEA7CA5259|SERP-02C1679FE41B|SERP-3DA3A83AC9A8|SERP-65D0D96753C1|SERP-785822A3ED71|SERP-9F051612A9DA|SERP-A2EE2A3C7677|SERP-B063D3C3AD98,посадка деревьев,заказать деревья для посадки белый абрикос|посадка больших деревьев на участке цена|посадка деревьев на участке цена|посадка деревьев цены|стоимость посадки деревьев и кустарников|стоимость работ по посадке деревьев|услуги по посадке деревьев и кустарников|услуги посадки деревьев|устройство для посадки деревьев|6 августа ко дню строителя посадка деревьев|farming simulator 22 мод ручная посадка дерева|farming simulator 25 посадка деревьев|key phrase посадка деревьев в ярославле|key phrase посадка деревьев в ярославской области|lego friends 41606 машина для посадки деревьев|акт посадки деревьев образец|акция по посадке деревьев|алиса удобрение для агустовской посадки плодовых деревьев|благоприятная посадка деревьев|благоприятные дни для посадки деревьев в августе,commercial_research|transactional,посадка деревьев — Эксперты,Посадка деревьев,Состав работ|когда подходит|этапы|факторы цены|примеры работ|FAQ|связанные услуги,вид и размер растений|подготовка посадочных мест|грунт|доставка|уход после посадки,,,https://exp76.ru/normy-posadki-derevev/|https://exp76.ru/posadka-krupnomerov/,https://exp76.ru/category/avtopoliv-na-uchastke/,Q000063,publication=ready;cases=needs_mapping;photos=needs_mapping,карта реальных кейсов|карта фотографий|подтвержденные цены и сроки,needs_case_mapping
SPECIAL-BRAND-HOMEPAGE,,https://exp76.ru/,special,SPECIAL-BRAND-HOMEPAGE,www exp76,www exp76,brand_navigation,www exp76 — Эксперты,Www exp76,Состав работ|когда подходит|этапы|факторы цены|примеры работ|FAQ|связанные услуги,не применяется к сохраненному владельцу|контекст перехода,,,https://exp76.ru/services/,,existing_special_owner,publication=ready;cases=needs_mapping;photos=needs_mapping,карта реальных кейсов|карта фотографий|подтвержденные цены и сроки,needs_case_mapping
SPECIAL-CALCULATOR,S1|S3|S4,https://exp76.ru/kalkuljator-uslug/,special,SPECIAL-CALCULATOR,калькулятор посадки деревьев,благоустройство калькулятор|калькулятор благоустройства|калькулятор м2 за территории благоустройства стоимость|калькулятор расценок на работы по благоустройству территории|калькулятор расчета благоустройства|калькулятор расчета проектных работ по благоустройству для заказчика|калькулятор смета благоустройство|калькулятор сметы на благоустройство участка|калькулятор стоимости благоустройства участка|калькулятор стоимости проектирования благоустройства территории|калькуляторы по благоустройству территоррии|ландшафтное проектирование калькулятор|онлайн калькулятор для расчета стоимости работ по благоустройству|онлайн калькулятор проекта благоустройства|рассчитать стоимость проектных работ благоустройство онлайн калькулятор|сметный калькулятор онлайн благоустройство территории|стоимость благоустройства территории за м2 калькулятор|стоимость благоустройства территории за м2 калькулятор онлайн|стоимость благоустройства территории частный двор 300м2 за м2 калькулятор|стоимость проект благоустройства расчет калькулятор,calculator_intent,калькулятор посадки деревьев — Эксперты,Калькулятор посадки деревьев,Состав работ|когда подходит|этапы|факторы цены|примеры работ|FAQ|связанные услуги,не применяется к сохраненному владельцу|контекст перехода,,,https://exp76.ru/services/,,existing_special_owner,publication=ready;cases=needs_mapping;photos=needs_mapping,карта реальных кейсов|карта фотографий|подтвержденные цены и сроки,needs_case_mapping
