map_id,cluster_id,service_id,cluster_name,intent,current_url,target_url,url_action,method,evidence,validation_status,confidence,review_status,reviewer,rationale,destination_id,page_role,parent_destination_id,publication_status
M0001,FROZEN-268E90FAC815,,frozen owner — drenazh-uchastka,frozen_collision,https://exp76.ru/category/drenazh-uchastka/,https://exp76.ru/category/drenazh-uchastka/,frozen,manual_architecture_review,protected_owner:https://exp76.ru/category/drenazh-uchastka/,architecture_reviewed,high,reviewed,codex-2026-08-28,Protected category 87-92 owner retained exactly; no new destination is allowed.,FROZEN-268E90FAC815,frozen,,ready
M0002,FROZEN-5398736839B9,,frozen owner — livnevaya-kanalizatsiya,frozen_collision,https://exp76.ru/category/livnevaya-kanalizatsiya/,https://exp76.ru/category/livnevaya-kanalizatsiya/,frozen,manual_architecture_review,protected_owner:https://exp76.ru/category/livnevaya-kanalizatsiya/,architecture_reviewed,high,reviewed,codex-2026-08-28,Protected category 87-92 owner retained exactly; no new destination is allowed.,FROZEN-5398736839B9,frozen,,ready
M0003,FROZEN-6714C54192CE,,frozen owner — ukladka-trotuarnoy-plitki,frozen_collision,https://exp76.ru/category/ukladka-trotuarnoy-plitki/,https://exp76.ru/category/ukladka-trotuarnoy-plitki/,frozen,manual_architecture_review,protected_owner:https://exp76.ru/category/ukladka-trotuarnoy-plitki/,architecture_reviewed,high,reviewed,codex-2026-08-28,Protected category 87-92 owner retained exactly; no new destination is allowed.,FROZEN-6714C54192CE,frozen,,ready
M0004,FROZEN-7D3282BAA29C,,frozen owner — otmostka-vokrug-doma,frozen_collision,https://exp76.ru/category/otmostka-vokrug-doma/,https://exp76.ru/category/otmostka-vokrug-doma/,frozen,manual_architecture_review,protected_owner:https://exp76.ru/category/otmostka-vokrug-doma/,architecture_reviewed,high,reviewed,codex-2026-08-28,Protected category 87-92 owner retained exactly; no new destination is allowed.,FROZEN-7D3282BAA29C,frozen,,ready
M0005,FROZEN-DED8C0F5020F,,frozen owner — osushenie-uchastka,frozen_collision,https://exp76.ru/category/osushenie-uchastka/,https://exp76.ru/category/osushenie-uchastka/,frozen,manual_architecture_review,protected_owner:https://exp76.ru/category/osushenie-uchastka/,architecture_reviewed,high,reviewed,codex-2026-08-28,Protected category 87-92 owner retained exactly; no new destination is allowed.,FROZEN-DED8C0F5020F,frozen,,ready
M0006,FROZEN-F839FE6BFD56,,frozen owner — avtopoliv-na-uchastke,frozen_collision,https://exp76.ru/category/avtopoliv-na-uchastke/,https://exp76.ru/category/avtopoliv-na-uchastke/,frozen,manual_architecture_review,protected_owner:https://exp76.ru/category/avtopoliv-na-uchastke/,architecture_reviewed,high,reviewed,codex-2026-08-28,Protected category 87-92 owner retained exactly; no new destination is allowed.,FROZEN-F839FE6BFD56,frozen,,ready
M0007,HOLD-01309573C515,S2,газон посевной купить — product_only,product_only,,,exclude,manual_architecture_review,missing_representative_serp:HOLD-01309573C515,architecture_reviewed,high,reviewed,codex-2026-08-28,Product-only demand has no installation-service destination and remains excluded.,,none,,backlog
M0008,HOLD-02B1313DE677,S8,купить трубу в канаву для заезда — product_only,product_only,,,exclude,manual_architecture_review,missing_representative_serp:HOLD-02B1313DE677,architecture_reviewed,high,reviewed,codex-2026-08-28,Product-only demand has no installation-service destination and remains excluded.,,none,,backlog
M0009,HOLD-07E2BACAC1EA,S1,благоустройство территории рыбинск — commercial_research,commercial_research,https://exp76.ru/services/,https://exp76.ru/services/,merge,manual_architecture_review,missing_representative_serp:HOLD-07E2BACAC1EA,architecture_reviewed,medium,reviewed,codex-2026-08-28,Broad landscaping/complex-improvement demand retains the legacy /services/ owner; it must not broaden the S1 landscape-design hub.,SPECIAL-SERVICES-CATALOG,special,,ready
M0010,HOLD-0D178048D6E9,S4,цена обрезки дерева — transactional,transactional,,https://exp76.ru/obrezka-derevev-i-kustarnikov/,merge,manual_architecture_review,missing_representative_serp:HOLD-0D178048D6E9|business_source:ftp_dump_minimal/wp-content/themes/land76wp/content/service-v2/ukhod-za-sadom.json#seo.description+services.items[Обрезка],architecture_reviewed,medium,reviewed,codex-2026-08-28,"Stored representative SERP supports a distinct service-page candidate. The exact offer is traceable to the current hub payload, while Task 3 case/photo mapping remains incomplete; publication is blocked on proof mapping.",S4-CHILD-OBREZKA,child_service,S4-HUB,blocked_facts
M0011,HOLD-136ED0AAB28A,S4,обрезка деревьев схема — informational,informational,,https://exp76.ru/obrezka-derevev-shema/,article,manual_architecture_review,missing_representative_serp:HOLD-136ED0AAB28A,architecture_reviewed,medium,reviewed,codex-2026-08-28,"Informational intent stays separate from commercial pages, but no successful stored representative-query SERP exists; article is backlog pending evidence and media mapping.",S4-ARTICLE-PRUNING-GUIDE,article,S4-HUB,backlog
M0012,HOLD-15A8258BC551,S2,устройство газона схема — informational,informational,,https://exp76.ru/ustrojstvo-gazona-shema/,article,manual_architecture_review,missing_representative_serp:HOLD-15A8258BC551,architecture_reviewed,medium,reviewed,codex-2026-08-28,"Informational intent stays separate from commercial pages, but no successful stored representative-query SERP exists; article is backlog pending evidence and media mapping.",S2-ARTICLE-15A8258BC551,article,S2-HUB,backlog
M0013,HOLD-182825428CBD,S2,как укладывать рулонный газон — informational,informational,,https://exp76.ru/kak-ukladyvat-rulonnyj-gazon/,article,manual_architecture_review,missing_representative_serp:HOLD-182825428CBD,architecture_reviewed,medium,reviewed,codex-2026-08-28,"Informational intent stays separate from commercial pages, but no successful stored representative-query SERP exists; article is backlog pending evidence and media mapping.",S2-ARTICLE-182825428CBD,article,S2-HUB,backlog
M0014,HOLD-1D9AC2530460,S3,схема посадки кустарников — informational,informational,,https://exp76.ru/normy-posadki-derevev/,merge,manual_architecture_review,missing_representative_serp:HOLD-1D9AC2530460,architecture_reviewed,medium,reviewed,codex-2026-08-28,"Informational intent stays separate from commercial pages, but no successful stored representative-query SERP exists; article is backlog pending evidence and media mapping.",S3-ARTICLE-PLANTING-SCHEMES,article,S3-HUB,backlog
M0015,HOLD-208FF2D300B0,S8,купить трубу для заезда через канаву — product_only,product_only,,,exclude,manual_architecture_review,missing_representative_serp:HOLD-208FF2D300B0,architecture_reviewed,high,reviewed,codex-2026-08-28,Product-only demand has no installation-service destination and remains excluded.,,none,,backlog
M0016,HOLD-23F8882D4251,S2,рулонный газон под ключ — transactional,transactional,,https://exp76.ru/services/gazon-posevnojj-i-gazon-rulonnyjj/,merge,manual_architecture_review,missing_representative_serp:HOLD-23F8882D4251,architecture_reviewed,medium,reviewed,codex-2026-08-28,Commercial intent remains with the immutable existing service hub; narrower destination is not approved without separate offer and content evidence.,S2-HUB,hub,,ready
M0017,HOLD-28627278866D,S4,уход за гортензией в саду — commercial_research,commercial_research,,https://exp76.ru/services/ukhod-za-sadom/,merge,manual_architecture_review,missing_representative_serp:HOLD-28627278866D,architecture_reviewed,medium,reviewed,codex-2026-08-28,Commercial intent remains with the immutable existing service hub; narrower destination is not approved without separate offer and content evidence.,S4-HUB,hub,,ready
M0018,HOLD-2BF5D16865EA,S3,купить кустарник для посадки — product_only,product_only,,,exclude,manual_architecture_review,missing_representative_serp:HOLD-2BF5D16865EA,architecture_reviewed,high,reviewed,codex-2026-08-28,Product-only demand has no installation-service destination and remains excluded.,,none,,backlog
M0019,HOLD-2F188270E4C3,S8,купить заезд на участок — product_only,product_only,,,exclude,manual_architecture_review,missing_representative_serp:HOLD-2F188270E4C3,architecture_reviewed,high,reviewed,codex-2026-08-28,Product-only demand has no installation-service destination and remains excluded.,,none,,backlog
M0020,HOLD-2F1C98E80F71,S8,как сделать заезд на участок — informational,informational,,https://exp76.ru/kak-sdelat-vezd-na-uchastok-cherez-kanavu/,merge,manual_architecture_review,missing_representative_serp:HOLD-2F1C98E80F71,architecture_reviewed,medium,reviewed,codex-2026-08-28,"Informational intent stays separate from commercial pages, but no successful stored representative-query SERP exists; article is backlog pending evidence and media mapping.",S8-ARTICLE-DIY-ENTRANCE,article,S8-HUB,backlog
M0021,HOLD-32452491B993,S4,как выбрать секатор для обрезки кустарников — informational,informational,,https://exp76.ru/obrezka-derevev-shema/,merge,manual_architecture_review,missing_representative_serp:HOLD-32452491B993,architecture_reviewed,medium,reviewed,codex-2026-08-28,"Informational intent stays separate from commercial pages, but no successful stored representative-query SERP exists; article is backlog pending evidence and media mapping.",S4-ARTICLE-PRUNING-GUIDE,article,S4-HUB,backlog
M0022,HOLD-36F4098CF473,S3,купить деревья для посадки — product_only,product_only,,,exclude,manual_architecture_review,missing_representative_serp:HOLD-36F4098CF473,architecture_reviewed,high,reviewed,codex-2026-08-28,Product-only demand has no installation-service destination and remains excluded.,,none,,backlog
M0023,HOLD-37D2E790086A,S5,участок сотки планировка — commercial_research,commercial_research,,https://exp76.ru/services/planirovka-territorii/,merge,manual_architecture_review,missing_representative_serp:HOLD-37D2E790086A,architecture_reviewed,medium,reviewed,codex-2026-08-28,Commercial intent remains with the immutable existing service hub; narrower destination is not approved without separate offer and content evidence.,S5-HUB,hub,,ready
M0024,HOLD-38F85CB02478,S2,натуральный рулонный газон — commercial_research,commercial_research,,https://exp76.ru/rulonnyj-gazon-pod-kljuch/,merge,manual_architecture_review,missing_representative_serp:HOLD-38F85CB02478|business_source:ftp_dump_minimal/wp-content/themes/land76wp/content/service-v2/gazon-posevnojj-i-gazon-rulonnyjj.json#services.items[Рулонный газон],architecture_reviewed,medium,reviewed,codex-2026-08-28,"Stored representative SERP supports a distinct service-page candidate. The exact offer is traceable to the current hub payload, while Task 3 case/photo mapping remains incomplete; publication is blocked on proof mapping.",S2-CHILD-RULONNY-GAZON,child_service,S2-HUB,blocked_facts
M0025,HOLD-40520549FE6A,S1,магазин ландшафтного дизайна рыбинск — product_only,product_only,,,exclude,manual_architecture_review,missing_representative_serp:HOLD-40520549FE6A,architecture_reviewed,high,reviewed,codex-2026-08-28,Product-only demand has no installation-service destination and remains excluded.,,none,,backlog
M0026,HOLD-448EB54B315D,S1,рассчитать стоимость благоустройства — transactional,transactional,https://exp76.ru/services/,https://exp76.ru/services/,merge,manual_architecture_review,missing_representative_serp:HOLD-448EB54B315D,architecture_reviewed,medium,reviewed,codex-2026-08-28,Broad landscaping/complex-improvement demand retains the legacy /services/ owner; it must not broaden the S1 landscape-design hub.,SPECIAL-SERVICES-CATALOG,special,,ready
M0027,HOLD-4E5B4B602503,S5,выровнять участок на даче ярославль — commercial_research,commercial_research,,https://exp76.ru/vyravnivanie-uchastka/,merge,manual_architecture_review,missing_representative_serp:HOLD-4E5B4B602503|business_source:ftp_dump_minimal/wp-content/themes/land76wp/content/service-v2/planirovka-territorii.json#intro+services.items[Выравнивание],architecture_reviewed,medium,reviewed,codex-2026-08-28,"Stored representative SERP supports a distinct service-page candidate. The exact offer is traceable to the current hub payload, while Task 3 case/photo mapping remains incomplete; publication is blocked on proof mapping.",S5-CHILD-VYRAVNIVANIE,child_service,S5-HUB,blocked_facts
M0028,HOLD-505521C7EF8C,S1,как рассчитать стоимость благоустройства са сотку — informational,informational,,https://exp76.ru/kak-rasschitat-stoimost-blagoustrojstva-sa-sotku/,article,manual_architecture_review,missing_representative_serp:HOLD-505521C7EF8C,architecture_reviewed,medium,reviewed,codex-2026-08-28,"Informational intent stays separate from commercial pages, but no successful stored representative-query SERP exists; article is backlog pending evidence and media mapping.",S1-ARTICLE-505521C7EF8C,article,S1-HUB,backlog
M0029,HOLD-544177B45D38,S6,как залить подпорную стенку из бетона — informational,informational,,https://exp76.ru/podpornaya-stenka-na-uchastke-svoimi-rukami/,merge,manual_architecture_review,missing_representative_serp:HOLD-544177B45D38,architecture_reviewed,medium,reviewed,codex-2026-08-28,"Informational intent stays separate from commercial pages, but no successful stored representative-query SERP exists; article is backlog pending evidence and media mapping.",S6-ARTICLE-DIY-RETAINING-WALL,article,S6-HUB,backlog
M0030,HOLD-5740939AB97F,S7,магазин ландшафтного освещения — product_only,product_only,,,exclude,manual_architecture_review,missing_representative_serp:HOLD-5740939AB97F,architecture_reviewed,high,reviewed,codex-2026-08-28,Product-only demand has no installation-service destination and remains excluded.,,none,,backlog
M0031,HOLD-5A855707AEC1,S7,подсветка участка своими руками — informational,informational,,https://exp76.ru/kak-sdelat-osveschenie-na-uchastke/,merge,manual_architecture_review,missing_representative_serp:HOLD-5A855707AEC1,architecture_reviewed,medium,reviewed,codex-2026-08-28,"Informational intent stays separate from commercial pages, but no successful stored representative-query SERP exists; article is backlog pending evidence and media mapping.",S7-ARTICLE-DIY-LIGHTING,article,S7-HUB,backlog
M0032,HOLD-5B52CBB329C4,S8,как сделать въезд на участок — informational,informational,,https://exp76.ru/kak-sdelat-vezd-na-uchastok-cherez-kanavu/,merge,manual_architecture_review,missing_representative_serp:HOLD-5B52CBB329C4,architecture_reviewed,medium,reviewed,codex-2026-08-28,"Informational intent stays separate from commercial pages, but no successful stored representative-query SERP exists; article is backlog pending evidence and media mapping.",S8-ARTICLE-DIY-ENTRANCE,article,S8-HUB,backlog
M0033,HOLD-6179B3D98517,S6,устройство подпорной стенки на участке — transactional,transactional,,https://exp76.ru/services/podpornye-stenki/,merge,manual_architecture_review,missing_representative_serp:HOLD-6179B3D98517,architecture_reviewed,medium,reviewed,codex-2026-08-28,Commercial intent remains with the immutable existing service hub; narrower destination is not approved without separate offer and content evidence.,S6-HUB,hub,,ready
M0034,HOLD-630573F85F65,S7,ландшафтное освещение светильники — commercial_research,commercial_research,,,exclude,manual_architecture_review,missing_representative_serp:HOLD-630573F85F65|query_form:product_lighting_fixtures,architecture_reviewed,medium,reviewed,codex-2026-08-28,The head query explicitly targets lighting fixtures and has no successful representative SERP; product demand is excluded.,,none,,backlog
M0035,HOLD-69BD3745F445,S8,обустройство въезда на участок через канаву под ключ — transactional,transactional,,https://exp76.ru/services/vezd-zaezd-na-uchastok-cherez-kanavu-pod-kljuch/,merge,manual_architecture_review,missing_representative_serp:HOLD-69BD3745F445,architecture_reviewed,medium,reviewed,codex-2026-08-28,Commercial intent remains with the immutable existing service hub; narrower destination is not approved without separate offer and content evidence.,S8-HUB,hub,,ready
M0036,HOLD-6AE9AB011A17,S3,услуги посадки деревьев — transactional,transactional,,https://exp76.ru/services/posadka-derevev-i-kustarnikov/,merge,manual_architecture_review,missing_representative_serp:HOLD-6AE9AB011A17,architecture_reviewed,medium,reviewed,codex-2026-08-28,Commercial intent remains with the immutable existing service hub; narrower destination is not approved without separate offer and content evidence.,S3-HUB,hub,,ready
M0037,HOLD-6C8BD897EC93,S8,заезд на участок через канаву — commercial_research,commercial_research,,https://exp76.ru/services/vezd-zaezd-na-uchastok-cherez-kanavu-pod-kljuch/,merge,manual_architecture_review,missing_representative_serp:HOLD-6C8BD897EC93,architecture_reviewed,medium,reviewed,codex-2026-08-28,Commercial intent remains with the immutable existing service hub; narrower destination is not approved without separate offer and content evidence.,S8-HUB,hub,,ready
M0038,HOLD-70212404217F,S6,подпорная стенка на участке своими руками — informational,informational,,https://exp76.ru/podpornaya-stenka-na-uchastke-svoimi-rukami/,article,manual_architecture_review,missing_representative_serp:HOLD-70212404217F,architecture_reviewed,medium,reviewed,codex-2026-08-28,"Informational intent stays separate from commercial pages, but no successful stored representative-query SERP exists; article is backlog pending evidence and media mapping.",S6-ARTICLE-DIY-RETAINING-WALL,article,S6-HUB,backlog
M0039,HOLD-72FBB49E67C8,S1,как рассчитать инженерное благоустройство участка — informational,informational,,https://exp76.ru/kak-rasschitat-inzhenernoe-blagoustrojstvo-uchastka/,article,manual_architecture_review,missing_representative_serp:HOLD-72FBB49E67C8,architecture_reviewed,medium,reviewed,codex-2026-08-28,"Informational intent stays separate from commercial pages, but no successful stored representative-query SERP exists; article is backlog pending evidence and media mapping.",S1-ARTICLE-72FBB49E67C8,article,S1-HUB,backlog
M0040,HOLD-74B3B2B18DA4,S5,выравнивание участка своими руками — informational,informational,,https://exp76.ru/vyravnivanie-uchastka-svoimi-rukami/,article,manual_architecture_review,missing_representative_serp:HOLD-74B3B2B18DA4,architecture_reviewed,medium,reviewed,codex-2026-08-28,"Informational intent stays separate from commercial pages, but no successful stored representative-query SERP exists; article is backlog pending evidence and media mapping.",S5-ARTICLE-74B3B2B18DA4,article,S5-HUB,backlog
M0041,HOLD-81D00C204EE9,S1,благоустройство частной территории услуги — transactional,transactional,https://exp76.ru/services/,https://exp76.ru/services/,merge,manual_architecture_review,missing_representative_serp:HOLD-81D00C204EE9,architecture_reviewed,medium,reviewed,codex-2026-08-28,Broad landscaping/complex-improvement demand retains the legacy /services/ owner; it must not broaden the S1 landscape-design hub.,SPECIAL-SERVICES-CATALOG,special,,ready
M0042,HOLD-86F8E876B7EA,S8,труба в канаву для заезда на участок — commercial_research,commercial_research,,https://exp76.ru/services/vezd-zaezd-na-uchastok-cherez-kanavu-pod-kljuch/,merge,manual_architecture_review,missing_representative_serp:HOLD-86F8E876B7EA,architecture_reviewed,medium,reviewed,codex-2026-08-28,Commercial intent remains with the immutable existing service hub; narrower destination is not approved without separate offer and content evidence.,S8-HUB,hub,,ready
M0043,HOLD-89A4E8CC1C19,S2,цена газона рулонного рыбинск — transactional,transactional,,https://exp76.ru/rulonnyj-gazon-pod-kljuch/,merge,manual_architecture_review,missing_representative_serp:HOLD-89A4E8CC1C19|business_source:ftp_dump_minimal/wp-content/themes/land76wp/content/service-v2/gazon-posevnojj-i-gazon-rulonnyjj.json#services.items[Рулонный газон],architecture_reviewed,medium,reviewed,codex-2026-08-28,"Stored representative SERP supports a distinct service-page candidate. The exact offer is traceable to the current hub payload, while Task 3 case/photo mapping remains incomplete; publication is blocked on proof mapping.",S2-CHILD-RULONNY-GAZON,child_service,S2-HUB,blocked_facts
M0044,HOLD-915B86D6B9ED,S5,планировка участка стоимость — transactional,transactional,,https://exp76.ru/services/planirovka-territorii/,merge,manual_architecture_review,missing_representative_serp:HOLD-915B86D6B9ED,architecture_reviewed,medium,reviewed,codex-2026-08-28,Commercial intent remains with the immutable existing service hub; narrower destination is not approved without separate offer and content evidence.,S5-HUB,hub,,ready
M0045,HOLD-94EF07DDD02E,S1,благоустройство участка дома проекты — commercial_research,commercial_research,,https://exp76.ru/services/landshaftnoe-proektirovanie/,merge,manual_architecture_review,missing_representative_serp:HOLD-94EF07DDD02E,architecture_reviewed,medium,reviewed,codex-2026-08-28,Commercial intent remains with the immutable existing service hub; narrower destination is not approved without separate offer and content evidence.,S1-HUB,hub,,ready
M0046,HOLD-95F8CF43A6E3,S8,въезд на участок купить — product_only,product_only,,,exclude,manual_architecture_review,missing_representative_serp:HOLD-95F8CF43A6E3,architecture_reviewed,high,reviewed,codex-2026-08-28,Product-only demand has no installation-service destination and remains excluded.,,none,,backlog
M0047,HOLD-973F3BFE6409,S2,устройства газон некст — commercial_research,commercial_research,,https://exp76.ru/services/gazon-posevnojj-i-gazon-rulonnyjj/,merge,manual_architecture_review,missing_representative_serp:HOLD-973F3BFE6409,architecture_reviewed,medium,reviewed,codex-2026-08-28,Commercial intent remains with the immutable existing service hub; narrower destination is not approved without separate offer and content evidence.,S2-HUB,hub,,ready
M0048,HOLD-9CF4ABC55090,S1,дизайн проект участка своими руками — informational,informational,,https://exp76.ru/dizajn-proekt-uchastka-svoimi-rukami/,article,manual_architecture_review,missing_representative_serp:HOLD-9CF4ABC55090,architecture_reviewed,medium,reviewed,codex-2026-08-28,"Informational intent stays separate from commercial pages, but no successful stored representative-query SERP exists; article is backlog pending evidence and media mapping.",S1-ARTICLE-DIY-DESIGN,article,S1-HUB,backlog
M0049,HOLD-9DDC73BD2CD3,S1,ландшафтный дизайн дачного участка — commercial_research,commercial_research,,https://exp76.ru/services/landshaftnoe-proektirovanie/,merge,manual_architecture_review,missing_representative_serp:HOLD-9DDC73BD2CD3,architecture_reviewed,medium,reviewed,codex-2026-08-28,Commercial intent remains with the immutable existing service hub; narrower destination is not approved without separate offer and content evidence.,S1-HUB,hub,,ready
M0050,HOLD-A31AAE5725CD,S3,нормы посадки деревьев — informational,informational,,https://exp76.ru/normy-posadki-derevev/,article,manual_architecture_review,missing_representative_serp:HOLD-A31AAE5725CD,architecture_reviewed,medium,reviewed,codex-2026-08-28,"Informational intent stays separate from commercial pages, but no successful stored representative-query SERP exists; article is backlog pending evidence and media mapping.",S3-ARTICLE-PLANTING-SCHEMES,article,S3-HUB,backlog
M0051,HOLD-A73418137528,S5,купить планировку участка — product_only,product_only,,,exclude,manual_architecture_review,missing_representative_serp:HOLD-A73418137528,architecture_reviewed,high,reviewed,codex-2026-08-28,Product-only demand has no installation-service destination and remains excluded.,,none,,backlog
M0052,HOLD-ADD9FC08AC1E,S8,труба для заезда на участок — commercial_research,commercial_research,,https://exp76.ru/services/vezd-zaezd-na-uchastok-cherez-kanavu-pod-kljuch/,merge,manual_architecture_review,missing_representative_serp:HOLD-ADD9FC08AC1E,architecture_reviewed,medium,reviewed,codex-2026-08-28,Commercial intent remains with the immutable existing service hub; narrower destination is not approved without separate offer and content evidence.,S8-HUB,hub,,ready
M0053,HOLD-AF75D8A25C90,S3,схема посадки хвойных — informational,informational,,https://exp76.ru/normy-posadki-derevev/,merge,manual_architecture_review,missing_representative_serp:HOLD-AF75D8A25C90,architecture_reviewed,medium,reviewed,codex-2026-08-28,"Informational intent stays separate from commercial pages, but no successful stored representative-query SERP exists; article is backlog pending evidence and media mapping.",S3-ARTICLE-PLANTING-SCHEMES,article,S3-HUB,backlog
M0054,HOLD-B8BA815347B8,S8,цена трубы на заезд на участок — transactional,transactional,,https://exp76.ru/services/vezd-zaezd-na-uchastok-cherez-kanavu-pod-kljuch/,merge,manual_architecture_review,missing_representative_serp:HOLD-B8BA815347B8,architecture_reviewed,medium,reviewed,codex-2026-08-28,Commercial intent remains with the immutable existing service hub; narrower destination is not approved without separate offer and content evidence.,S8-HUB,hub,,ready
M0055,HOLD-BE6960839AF7,S7,освещение на участке купить — product_only,product_only,,,exclude,manual_architecture_review,missing_representative_serp:HOLD-BE6960839AF7,architecture_reviewed,high,reviewed,codex-2026-08-28,Product-only demand has no installation-service destination and remains excluded.,,none,,backlog
M0056,HOLD-BE8C4D20F9A4,S8,как сделать въезд на участок через канаву — informational,informational,,https://exp76.ru/kak-sdelat-vezd-na-uchastok-cherez-kanavu/,article,manual_architecture_review,missing_representative_serp:HOLD-BE8C4D20F9A4,architecture_reviewed,medium,reviewed,codex-2026-08-28,"Informational intent stays separate from commercial pages, but no successful stored representative-query SERP exists; article is backlog pending evidence and media mapping.",S8-ARTICLE-DIY-ENTRANCE,article,S8-HUB,backlog
M0057,HOLD-C135773E31D9,S2,сцепное устройство газон — transactional,transactional,,https://exp76.ru/services/gazon-posevnojj-i-gazon-rulonnyjj/,merge,manual_architecture_review,missing_representative_serp:HOLD-C135773E31D9,architecture_reviewed,medium,reviewed,codex-2026-08-28,Commercial intent remains with the immutable existing service hub; narrower destination is not approved without separate offer and content evidence.,S2-HUB,hub,,ready
M0058,HOLD-C31745B2E9F7,S1,ландшафтный дизайн рыбинск заказать — transactional,transactional,,https://exp76.ru/services/landshaftnoe-proektirovanie/,merge,manual_architecture_review,missing_representative_serp:HOLD-C31745B2E9F7,architecture_reviewed,medium,reviewed,codex-2026-08-28,Commercial intent remains with the immutable existing service hub; narrower destination is not approved without separate offer and content evidence.,S1-HUB,hub,,ready
M0059,HOLD-CA29C3BD9F29,S7,подсветка дорожек своими руками — informational,informational,,https://exp76.ru/kak-sdelat-osveschenie-na-uchastke/,merge,manual_architecture_review,missing_representative_serp:HOLD-CA29C3BD9F29,architecture_reviewed,medium,reviewed,codex-2026-08-28,"Informational intent stays separate from commercial pages, but no successful stored representative-query SERP exists; article is backlog pending evidence and media mapping.",S7-ARTICLE-DIY-LIGHTING,article,S7-HUB,backlog
M0060,HOLD-D5EEA7CA5259,S3,уход деревьями посадки — commercial_research,commercial_research,,https://exp76.ru/services/posadka-derevev-i-kustarnikov/,merge,manual_architecture_review,missing_representative_serp:HOLD-D5EEA7CA5259,architecture_reviewed,medium,reviewed,codex-2026-08-28,Commercial intent remains with the immutable existing service hub; narrower destination is not approved without separate offer and content evidence.,S3-HUB,hub,,ready
M0061,HOLD-E54772AC58A0,S4,обрезка деревьев купить — product_only,product_only,,,exclude,manual_architecture_review,missing_representative_serp:HOLD-E54772AC58A0,architecture_reviewed,high,reviewed,codex-2026-08-28,Product-only demand has no installation-service destination and remains excluded.,,none,,backlog
M0062,HOLD-E5DA704779F6,S6,подпорная стенка на участке купить — product_only,product_only,,,exclude,manual_architecture_review,missing_representative_serp:HOLD-E5DA704779F6,architecture_reviewed,high,reviewed,codex-2026-08-28,Product-only demand has no installation-service destination and remains excluded.,,none,,backlog
M0063,HOLD-E9DA472745AE,S7,устройство освещения участка — transactional,transactional,,https://exp76.ru/services/ulichnoe-osveshhenie-uchastka/,merge,manual_architecture_review,missing_representative_serp:HOLD-E9DA472745AE,architecture_reviewed,medium,reviewed,codex-2026-08-28,Commercial intent remains with the immutable existing service hub; narrower destination is not approved without separate offer and content evidence.,S7-HUB,hub,,ready
M0064,HOLD-EB70299AA189,S8,как сделать заезд через канаву — informational,informational,,https://exp76.ru/kak-sdelat-vezd-na-uchastok-cherez-kanavu/,merge,manual_architecture_review,missing_representative_serp:HOLD-EB70299AA189,architecture_reviewed,medium,reviewed,codex-2026-08-28,"Informational intent stays separate from commercial pages, but no successful stored representative-query SERP exists; article is backlog pending evidence and media mapping.",S8-ARTICLE-DIY-ENTRANCE,article,S8-HUB,backlog
M0065,HOLD-EC53FCBA2C1F,S7,как сделать освещение на участке — informational,informational,,https://exp76.ru/kak-sdelat-osveschenie-na-uchastke/,article,manual_architecture_review,missing_representative_serp:HOLD-EC53FCBA2C1F,architecture_reviewed,medium,reviewed,codex-2026-08-28,"Informational intent stays separate from commercial pages, but no successful stored representative-query SERP exists; article is backlog pending evidence and media mapping.",S7-ARTICLE-DIY-LIGHTING,article,S7-HUB,backlog
M0066,HOLD-F18CA983788E,S8,въезд на участок через канаву — commercial_research,commercial_research,,https://exp76.ru/services/vezd-zaezd-na-uchastok-cherez-kanavu-pod-kljuch/,merge,manual_architecture_review,missing_representative_serp:HOLD-F18CA983788E,architecture_reviewed,medium,reviewed,codex-2026-08-28,Commercial intent remains with the immutable existing service hub; narrower destination is not approved without separate offer and content evidence.,S8-HUB,hub,,ready
M0067,HOLD-F28F0E53D909,S7,уличное освещение частного дома тутаев — commercial_research,commercial_research,,https://exp76.ru/services/ulichnoe-osveshhenie-uchastka/,merge,manual_architecture_review,missing_representative_serp:HOLD-F28F0E53D909,architecture_reviewed,medium,reviewed,codex-2026-08-28,Commercial intent remains with the immutable existing service hub; narrower destination is not approved without separate offer and content evidence.,S7-HUB,hub,,ready
M0068,HOLD-F668FF6F6190,S4,схема ухода за садом — informational,informational,,https://exp76.ru/shema-uhoda-za-sadom/,article,manual_architecture_review,missing_representative_serp:HOLD-F668FF6F6190,architecture_reviewed,medium,reviewed,codex-2026-08-28,"Informational intent stays separate from commercial pages, but no successful stored representative-query SERP exists; article is backlog pending evidence and media mapping.",S4-ARTICLE-F668FF6F6190,article,S4-HUB,backlog
M0069,HOLD-FD41CABAE854,S1,ландшафтный дизайн участка своими руками — informational,informational,,https://exp76.ru/dizajn-proekt-uchastka-svoimi-rukami/,merge,manual_architecture_review,missing_representative_serp:HOLD-FD41CABAE854,architecture_reviewed,medium,reviewed,codex-2026-08-28,"Informational intent stays separate from commercial pages, but no successful stored representative-query SERP exists; article is backlog pending evidence and media mapping.",S1-ARTICLE-DIY-DESIGN,article,S1-HUB,backlog
M0070,HOLD-FF3B04A53D72,S5,схема планировки участка — informational,informational,,https://exp76.ru/shema-planirovki-uchastka/,article,manual_architecture_review,missing_representative_serp:HOLD-FF3B04A53D72,architecture_reviewed,medium,reviewed,codex-2026-08-28,"Informational intent stays separate from commercial pages, but no successful stored representative-query SERP exists; article is backlog pending evidence and media mapping.",S5-ARTICLE-FF3B04A53D72,article,S5-HUB,backlog
M0071,SERP-01050EAE1F1F,S5,планировка участка цена — transactional,transactional,,https://exp76.ru/services/planirovka-territorii/,merge,manual_architecture_review,Q000097,architecture_reviewed,medium,reviewed,codex-2026-08-28,Commercial intent remains with the immutable existing service hub; narrower destination is not approved without separate offer and content evidence.,S5-HUB,hub,,ready
M0072,SERP-02C1679FE41B,S3,озеленение участка под ключ и благоустройство ярославль — transactional,transactional,,https://exp76.ru/services/posadka-derevev-i-kustarnikov/,merge,manual_architecture_review,Q000062,architecture_reviewed,medium,reviewed,codex-2026-08-28,Commercial intent remains with the immutable existing service hub; narrower destination is not approved without separate offer and content evidence.,S3-HUB,hub,,ready
M0073,SERP-040A03E7E8F3,S8,заезд на участок — commercial_research,commercial_research,,https://exp76.ru/services/vezd-zaezd-na-uchastok-cherez-kanavu-pod-kljuch/,merge,manual_architecture_review,Q000121,architecture_reviewed,medium,reviewed,codex-2026-08-28,Commercial intent remains with the immutable existing service hub; narrower destination is not approved without separate offer and content evidence.,S8-HUB,hub,,ready
M0074,SERP-06251F551165,S1,проект благоустройства участка — commercial_research,commercial_research,,https://exp76.ru/services/landshaftnoe-proektirovanie/,merge,manual_architecture_review,Q000028,architecture_reviewed,medium,reviewed,codex-2026-08-28,Commercial intent remains with the immutable existing service hub; narrower destination is not approved without separate offer and content evidence.,S1-HUB,hub,,ready
M0075,SERP-0767F40D1ED4,S2,укладка рулонного газона рыбинск — commercial_research,commercial_research,,https://exp76.ru/rulonnyj-gazon-pod-kljuch/,merge,manual_architecture_review,Q000056|business_source:ftp_dump_minimal/wp-content/themes/land76wp/content/service-v2/gazon-posevnojj-i-gazon-rulonnyjj.json#services.items[Рулонный газон],architecture_reviewed,medium,reviewed,codex-2026-08-28,"Stored representative SERP supports a distinct service-page candidate. The exact offer is traceable to the current hub payload, while Task 3 case/photo mapping remains incomplete; publication is blocked on proof mapping.",S2-CHILD-RULONNY-GAZON,child_service,S2-HUB,blocked_facts
M0076,SERP-09010110F02E,S3,посадка крупномеров — commercial_research,commercial_research,,https://exp76.ru/posadka-krupnomerov/,child,manual_architecture_review,Q000064,architecture_reviewed,medium,reviewed,codex-2026-08-28,"Stored representative SERP supports a distinct service-page candidate. The exact business offer is not confirmed by current source material, and Task 3 case/photo mapping is incomplete; publication is blocked on those facts.",S3-CHILD-KRUPNOMERY,child_service,S3-HUB,blocked_facts
M0077,SERP-0A583602ED79,S2,производитель рулонного газона в ярославской области — product_only,product_only,,,exclude,manual_architecture_review,Q000051,architecture_reviewed,high,reviewed,codex-2026-08-28,Product-only demand has no installation-service destination and remains excluded.,,none,,backlog
M0078,SERP-0D0F2C22B0AB,S4,заказать обрезку деревьев — transactional,transactional,,https://exp76.ru/obrezka-derevev-i-kustarnikov/,merge,manual_architecture_review,Q000069|business_source:ftp_dump_minimal/wp-content/themes/land76wp/content/service-v2/ukhod-za-sadom.json#seo.description+services.items[Обрезка],architecture_reviewed,medium,reviewed,codex-2026-08-28,"Stored representative SERP supports a distinct service-page candidate. The exact offer is traceable to the current hub payload, while Task 3 case/photo mapping remains incomplete; publication is blocked on proof mapping.",S4-CHILD-OBREZKA,child_service,S4-HUB,blocked_facts
M0079,SERP-0DD3D2B067B4,S5,сделать планировку земли частного дома рыбинск — commercial_research,commercial_research,,https://exp76.ru/services/planirovka-territorii/,merge,manual_architecture_review,missing_representative_serp:SERP-0DD3D2B067B4,architecture_reviewed,medium,reviewed,codex-2026-08-28,Commercial intent remains with the immutable existing service hub; narrower destination is not approved without separate offer and content evidence.,S5-HUB,hub,,ready
M0080,SERP-0FA0C101C6DD,S1,прейскурант цен на благоустройство придомовой территории в ярославской области — commercial_research,commercial_research,https://exp76.ru/services/,https://exp76.ru/services/,merge,manual_architecture_review,Q000027,architecture_reviewed,medium,reviewed,codex-2026-08-28,Broad landscaping/complex-improvement demand retains the legacy /services/ owner; it must not broaden the S1 landscape-design hub.,SPECIAL-SERVICES-CATALOG,special,,ready
M0081,SERP-10BA4FC77863,S7,уличное освещение рыбинский район — commercial_research,commercial_research,,,exclude,manual_architecture_review,Q000113,architecture_reviewed,medium,reviewed,codex-2026-08-28,"Stored SERP is dominated by municipal complaints, rules and repairs rather than private-site installation.",,none,,backlog
M0082,SERP-125679FE4BFA,S1,проекты придомовых территорий рыбинск — commercial_research,commercial_research,,https://exp76.ru/services/landshaftnoe-proektirovanie/,merge,manual_architecture_review,Q000029,architecture_reviewed,high,reviewed,codex-2026-08-28,Commercial intent remains with the immutable existing service hub; narrower destination is not approved without separate offer and content evidence.,S1-HUB,hub,,ready
M0083,SERP-13FD00FC92C7,S5,выравнивание участка — commercial_research,commercial_research,,https://exp76.ru/vyravnivanie-uchastka/,child,manual_architecture_review,Q000081|business_source:ftp_dump_minimal/wp-content/themes/land76wp/content/service-v2/planirovka-territorii.json#intro+services.items[Выравнивание],architecture_reviewed,medium,reviewed,codex-2026-08-28,"Stored representative SERP supports a distinct service-page candidate. The exact offer is traceable to the current hub payload, while Task 3 case/photo mapping remains incomplete; publication is blocked on proof mapping.",S5-CHILD-VYRAVNIVANIE,child_service,S5-HUB,blocked_facts
M0084,SERP-151040020C7C,S2,газон рулонный в рыбинске — commercial_research,commercial_research,,https://exp76.ru/rulonnyj-gazon-pod-kljuch/,merge,manual_architecture_review,Q000044|business_source:ftp_dump_minimal/wp-content/themes/land76wp/content/service-v2/gazon-posevnojj-i-gazon-rulonnyjj.json#services.items[Рулонный газон],architecture_reviewed,high,reviewed,codex-2026-08-28,"Stored representative SERP supports a distinct service-page candidate. The exact offer is traceable to the current hub payload, while Task 3 case/photo mapping remains incomplete; publication is blocked on proof mapping.",S2-CHILD-RULONNY-GAZON,child_service,S2-HUB,blocked_facts
M0085,SERP-18995A41CDF6,S1,ландшафтный дизайн участка — commercial_research,commercial_research,,https://exp76.ru/services/landshaftnoe-proektirovanie/,merge,manual_architecture_review,Q000024,architecture_reviewed,medium,reviewed,codex-2026-08-28,Commercial intent remains with the immutable existing service hub; narrower destination is not approved without separate offer and content evidence.,S1-HUB,hub,,ready
M0086,SERP-1E2A5B0176EC,S2,посевной газон цена — transactional,transactional,,https://exp76.ru/posevnoj-gazon-pod-kljuch/,merge,manual_architecture_review,Q000049|business_source:ftp_dump_minimal/wp-content/themes/land76wp/content/service-v2/gazon-posevnojj-i-gazon-rulonnyjj.json#services.items[Посевной газон],architecture_reviewed,medium,reviewed,codex-2026-08-28,"Stored representative SERP supports a distinct service-page candidate. The exact offer is traceable to the current hub payload, while Task 3 case/photo mapping remains incomplete; publication is blocked on proof mapping.",S2-CHILD-POSEVNOY-GAZON,child_service,S2-HUB,blocked_facts
M0087,SERP-204FB8F3D895,S2,рулонный газон купить — product_only,product_only,,,exclude,manual_architecture_review,missing_representative_serp:SERP-204FB8F3D895,architecture_reviewed,high,reviewed,codex-2026-08-28,Product-only demand has no installation-service destination and remains excluded.,,none,,backlog
M0088,SERP-222F43C27897,S5,купить землю для выравнивания участка — product_only,product_only,,,exclude,manual_architecture_review,missing_representative_serp:SERP-222F43C27897,architecture_reviewed,high,reviewed,codex-2026-08-28,Product-only demand has no installation-service destination and remains excluded.,,none,,backlog
M0089,SERP-2716C16CFFC8,S7,уличное освещение частного дома рыбинск — commercial_research,commercial_research,,https://exp76.ru/services/ulichnoe-osveshhenie-uchastka/,merge,manual_architecture_review,Q000114,architecture_reviewed,medium,reviewed,codex-2026-08-28,Commercial intent remains with the immutable existing service hub; narrower destination is not approved without separate offer and content evidence.,S7-HUB,hub,,ready
M0090,SERP-28A33A22AC12,S5,планировка участка рыбинск — commercial_research,commercial_research,,https://exp76.ru/services/planirovka-territorii/,merge,manual_architecture_review,Q000096,architecture_reviewed,medium,reviewed,codex-2026-08-28,Commercial intent remains with the immutable existing service hub; narrower destination is not approved without separate offer and content evidence.,S5-HUB,hub,,ready
M0091,SERP-28E8746F1C7F,S8,найти плиту через канаву установить для проезда телег и велосипедов в рыбинске — commercial_research,commercial_research,,https://exp76.ru/services/vezd-zaezd-na-uchastok-cherez-kanavu-pod-kljuch/,merge,manual_architecture_review,Q000137,architecture_reviewed,medium,reviewed,codex-2026-08-28,Commercial intent remains with the immutable existing service hub; narrower destination is not approved without separate offer and content evidence.,S8-HUB,hub,,ready
M0092,SERP-38789FF53DEB,S5,планировка территории — commercial_research,commercial_research,,https://exp76.ru/services/planirovka-territorii/,merge,manual_architecture_review,Q000092,architecture_reviewed,medium,reviewed,codex-2026-08-28,Commercial intent remains with the immutable existing service hub; narrower destination is not approved without separate offer and content evidence.,S5-HUB,hub,,ready
M0093,SERP-3AF29E33EBAC,S5,выравнивание участка цена — transactional,transactional,,https://exp76.ru/vyravnivanie-uchastka/,merge,manual_architecture_review,Q000082|business_source:ftp_dump_minimal/wp-content/themes/land76wp/content/service-v2/planirovka-territorii.json#intro+services.items[Выравнивание],architecture_reviewed,medium,reviewed,codex-2026-08-28,"Stored representative SERP supports a distinct service-page candidate. The exact offer is traceable to the current hub payload, while Task 3 case/photo mapping remains incomplete; publication is blocked on proof mapping.",S5-CHILD-VYRAVNIVANIE,child_service,S5-HUB,blocked_facts
M0094,SERP-3CDF6B2A903F,S6,подпорная стенка из бетона — commercial_research,commercial_research,,https://exp76.ru/services/podpornye-stenki/,merge,manual_architecture_review,Q000101,architecture_reviewed,medium,reviewed,codex-2026-08-28,Commercial intent remains with the immutable existing service hub; narrower destination is not approved without separate offer and content evidence.,S6-HUB,hub,,ready
M0095,SERP-3DA3A83AC9A8,S3,посадка кустарников — commercial_research,commercial_research,,https://exp76.ru/services/posadka-derevev-i-kustarnikov/,merge,manual_architecture_review,Q000065,architecture_reviewed,medium,reviewed,codex-2026-08-28,Commercial intent remains with the immutable existing service hub; narrower destination is not approved without separate offer and content evidence.,S3-HUB,hub,,ready
M0096,SERP-468BED4A1CF4,S6,подпорная стенка из габионов — commercial_research,commercial_research,,https://exp76.ru/services/podpornye-stenki/,merge,manual_architecture_review,Q000103,architecture_reviewed,medium,reviewed,codex-2026-08-28,Commercial intent remains with the immutable existing service hub; narrower destination is not approved without separate offer and content evidence.,S6-HUB,hub,,ready
M0097,SERP-46D9E5DD0AF8,S8,заезд на участок через канаву под ключ тутаев — transactional,transactional,,https://exp76.ru/services/vezd-zaezd-na-uchastok-cherez-kanavu-pod-kljuch/,merge,manual_architecture_review,Q000128,architecture_reviewed,medium,reviewed,codex-2026-08-28,Commercial intent remains with the immutable existing service hub; narrower destination is not approved without separate offer and content evidence.,S8-HUB,hub,,ready
M0098,SERP-48476265400C,S1,заказать дизайн проект участка — transactional,transactional,,https://exp76.ru/services/landshaftnoe-proektirovanie/,merge,manual_architecture_review,Q000011,architecture_reviewed,medium,reviewed,codex-2026-08-28,Commercial intent remains with the immutable existing service hub; narrower destination is not approved without separate offer and content evidence.,S1-HUB,hub,,ready
M0099,SERP-490CDCE58295,S5,каким грунтом поднять участок — commercial_research,commercial_research,,https://exp76.ru/services/planirovka-territorii/,merge,manual_architecture_review,Q000090,architecture_reviewed,medium,reviewed,codex-2026-08-28,Commercial intent remains with the immutable existing service hub; narrower destination is not approved without separate offer and content evidence.,S5-HUB,hub,,ready
M0100,SERP-4D594D564DC8,S1,ландшафтный дизайн рыбинск — commercial_research,commercial_research,,https://exp76.ru/services/landshaftnoe-proektirovanie/,merge,manual_architecture_review,Q000023,architecture_reviewed,medium,reviewed,codex-2026-08-28,Commercial intent remains with the immutable existing service hub; narrower destination is not approved without separate offer and content evidence.,S1-HUB,hub,,ready
M0101,SERP-4D82034EB5C5,S2,цена за метр раскатного газона — transactional,transactional,,https://exp76.ru/rulonnyj-gazon-pod-kljuch/,merge,manual_architecture_review,Q000058|business_source:ftp_dump_minimal/wp-content/themes/land76wp/content/service-v2/gazon-posevnojj-i-gazon-rulonnyjj.json#services.items[Рулонный газон],architecture_reviewed,medium,reviewed,codex-2026-08-28,"Stored representative SERP supports a distinct service-page candidate. The exact offer is traceable to the current hub payload, while Task 3 case/photo mapping remains incomplete; publication is blocked on proof mapping.",S2-CHILD-RULONNY-GAZON,child_service,S2-HUB,blocked_facts
M0102,SERP-4FFE505A1BD1,S7,освещение участка — commercial_research,commercial_research,,,exclude,manual_architecture_review,Q000110|Q000112,architecture_reviewed,medium,reviewed,codex-2026-08-28,Stored SERPs are guide/product led with no service landing; the mixed cluster is excluded from the ready hub.,,none,,backlog
M0103,SERP-501565B73C13,S1,благоустройство дачного участка под ключ — transactional,transactional,https://exp76.ru/services/,https://exp76.ru/services/,merge,manual_architecture_review,Q000004,architecture_reviewed,medium,reviewed,codex-2026-08-28,Broad landscaping/complex-improvement demand retains the legacy /services/ owner; it must not broaden the S1 landscape-design hub.,SPECIAL-SERVICES-CATALOG,special,,ready
M0104,SERP-504953171519,S8,заезд на участок через канаву под ключ рыбинск — transactional,transactional,,https://exp76.ru/services/vezd-zaezd-na-uchastok-cherez-kanavu-pod-kljuch/,merge,manual_architecture_review,Q000127,architecture_reviewed,medium,reviewed,codex-2026-08-28,Commercial intent remains with the immutable existing service hub; narrower destination is not approved without separate offer and content evidence.,S8-HUB,hub,,ready
M0105,SERP-5703FC9B6AB2,S6,строительство подпорной стенки рыбинск — transactional,transactional,,https://exp76.ru/services/podpornye-stenki/,merge,manual_architecture_review,Q000105,architecture_reviewed,medium,reviewed,codex-2026-08-28,Commercial intent remains with the immutable existing service hub; narrower destination is not approved without separate offer and content evidence.,S6-HUB,hub,,ready
M0106,SERP-57EC0E41B977,S8,заезд через канаву тутаев — commercial_research,commercial_research,,https://exp76.ru/services/vezd-zaezd-na-uchastok-cherez-kanavu-pod-kljuch/,merge,manual_architecture_review,Q000134,architecture_reviewed,medium,reviewed,codex-2026-08-28,Commercial intent remains with the immutable existing service hub; narrower destination is not approved without separate offer and content evidence.,S8-HUB,hub,,ready
M0107,SERP-5A0AE0E41D86,S7,ландшафтное освещение — commercial_research,commercial_research,,,exclude,manual_architecture_review,Q000107,architecture_reviewed,medium,reviewed,codex-2026-08-28,Stored SERP is product_catalog:10 with no service landing; product demand is excluded.,,none,,backlog
M0108,SERP-6070ECC246E8,S2,посевной газон — commercial_research,commercial_research,,https://exp76.ru/posevnoj-gazon-pod-kljuch/,child,manual_architecture_review,Q000047|business_source:ftp_dump_minimal/wp-content/themes/land76wp/content/service-v2/gazon-posevnojj-i-gazon-rulonnyjj.json#services.items[Посевной газон],architecture_reviewed,medium,reviewed,codex-2026-08-28,"Stored representative SERP supports a distinct service-page candidate. The exact offer is traceable to the current hub payload, while Task 3 case/photo mapping remains incomplete; publication is blocked on proof mapping.",S2-CHILD-POSEVNOY-GAZON,child_service,S2-HUB,blocked_facts
M0109,SERP-634958A3C2DB,S2,рулонный газон ярославль — commercial_research,commercial_research,,https://exp76.ru/rulonnyj-gazon-pod-kljuch/,merge,manual_architecture_review,Q000055|business_source:ftp_dump_minimal/wp-content/themes/land76wp/content/service-v2/gazon-posevnojj-i-gazon-rulonnyjj.json#services.items[Рулонный газон],architecture_reviewed,medium,reviewed,codex-2026-08-28,"Stored representative SERP supports a distinct service-page candidate. The exact offer is traceable to the current hub payload, while Task 3 case/photo mapping remains incomplete; publication is blocked on proof mapping.",S2-CHILD-RULONNY-GAZON,child_service,S2-HUB,blocked_facts
M0110,SERP-63EDD3F67224,S2,восстановление газона — commercial_research,commercial_research,,https://exp76.ru/services/gazon-posevnojj-i-gazon-rulonnyjj/,merge,manual_architecture_review,Q000039,architecture_reviewed,medium,reviewed,codex-2026-08-28,Commercial intent remains with the immutable existing service hub; narrower destination is not approved without separate offer and content evidence.,S2-HUB,hub,,ready
M0111,SERP-651B7A994F7E,S4,сезонный уход за садом рыбинск — commercial_research,commercial_research,,https://exp76.ru/services/ukhod-za-sadom/,merge,manual_architecture_review,Q000077,architecture_reviewed,medium,reviewed,codex-2026-08-28,Commercial intent remains with the immutable existing service hub; narrower destination is not approved without separate offer and content evidence.,S4-HUB,hub,,ready
M0112,SERP-65D0D96753C1,S3,стоимость посадки деревьев — transactional,transactional,,https://exp76.ru/services/posadka-derevev-i-kustarnikov/,merge,manual_architecture_review,Q000067,architecture_reviewed,medium,reviewed,codex-2026-08-28,Commercial intent remains with the immutable existing service hub; narrower destination is not approved without separate offer and content evidence.,S3-HUB,hub,,ready
M0113,SERP-69104D6AA308,S6,подпорная стенка на участке — commercial_research,commercial_research,https://exp76.ru/services/podpornye-stenki/,https://exp76.ru/services/podpornye-stenki/,hub,manual_architecture_review,Q000104,architecture_reviewed,medium,reviewed,codex-2026-08-28,Commercial intent remains with the immutable existing service hub; narrower destination is not approved without separate offer and content evidence.,S6-HUB,hub,,ready
M0114,SERP-6979557B24CA,S7,монтаж освещения участка рыбинск — transactional,transactional,https://exp76.ru/services/ulichnoe-osveshhenie-uchastka/,https://exp76.ru/services/ulichnoe-osveshhenie-uchastka/,hub,manual_architecture_review,Q000109,architecture_reviewed,medium,reviewed,codex-2026-08-28,Commercial intent remains with the immutable existing service hub; narrower destination is not approved without separate offer and content evidence.,S7-HUB,hub,,ready
M0115,SERP-6CE4B6AF888B,S4,уход за садом — commercial_research,commercial_research,https://exp76.ru/services/ukhod-za-sadom/,https://exp76.ru/services/ukhod-za-sadom/,hub,manual_architecture_review,Q000078,architecture_reviewed,medium,reviewed,codex-2026-08-28,Commercial intent remains with the immutable existing service hub; narrower destination is not approved without separate offer and content evidence.,S4-HUB,hub,,ready
M0116,SERP-6DB26688AA57,S5,планировка участка — commercial_research,commercial_research,https://exp76.ru/services/planirovka-territorii/,https://exp76.ru/services/planirovka-territorii/,hub,manual_architecture_review,Q000094|Q000095,architecture_reviewed,medium,reviewed,codex-2026-08-28,Commercial intent remains with the immutable existing service hub; narrower destination is not approved without separate offer and content evidence.,S5-HUB,hub,,ready
M0117,SERP-704B34378555,S1,ландшафтное проектирование участка — commercial_research,commercial_research,https://exp76.ru/services/landshaftnoe-proektirovanie/,https://exp76.ru/services/landshaftnoe-proektirovanie/,hub,manual_architecture_review,Q000019,architecture_reviewed,medium,reviewed,codex-2026-08-28,Commercial intent remains with the immutable existing service hub; narrower destination is not approved without separate offer and content evidence.,S1-HUB,hub,,ready
M0118,SERP-785822A3ED71,S3,посадка хвойных — commercial_research,commercial_research,,https://exp76.ru/services/posadka-derevev-i-kustarnikov/,merge,manual_architecture_review,Q000066,architecture_reviewed,medium,reviewed,codex-2026-08-28,Commercial intent remains with the immutable existing service hub; narrower destination is not approved without separate offer and content evidence.,S3-HUB,hub,,ready
M0119,SERP-7A77EA65DFCA,S1,благоустройство участка — commercial_research,commercial_research,https://exp76.ru/services/,https://exp76.ru/services/,special,manual_architecture_review,Q000005,architecture_reviewed,medium,reviewed,codex-2026-08-28,Broad landscaping/complex-improvement demand retains the legacy /services/ owner; it must not broaden the S1 landscape-design hub.,SPECIAL-SERVICES-CATALOG,special,,ready
M0120,SERP-7BD020023148,S4,найти садовника на участок в рыбинске — commercial_research,commercial_research,,https://exp76.ru/services/ukhod-za-sadom/,merge,manual_architecture_review,Q000071,architecture_reviewed,medium,reviewed,codex-2026-08-28,Commercial intent remains with the immutable existing service hub; narrower destination is not approved without separate offer and content evidence.,S4-HUB,hub,,ready
M0121,SERP-7C47C44022BF,S2,рулонный газон цена — transactional,transactional,,https://exp76.ru/rulonnyj-gazon-pod-kljuch/,merge,manual_architecture_review,Q000054|business_source:ftp_dump_minimal/wp-content/themes/land76wp/content/service-v2/gazon-posevnojj-i-gazon-rulonnyjj.json#services.items[Рулонный газон],architecture_reviewed,medium,reviewed,codex-2026-08-28,"Stored representative SERP supports a distinct service-page candidate. The exact offer is traceable to the current hub payload, while Task 3 case/photo mapping remains incomplete; publication is blocked on proof mapping.",S2-CHILD-RULONNY-GAZON,child_service,S2-HUB,blocked_facts
M0122,SERP-7CD860AE1E28,S5,планировка территории услуга — transactional,transactional,,https://exp76.ru/services/planirovka-territorii/,merge,manual_architecture_review,missing_representative_serp:SERP-7CD860AE1E28,architecture_reviewed,medium,reviewed,codex-2026-08-28,Commercial intent remains with the immutable existing service hub; narrower destination is not approved without separate offer and content evidence.,S5-HUB,hub,,ready
M0123,SERP-7DE3AAD9BA6E,S4,услуги по уходу за садом — transactional,transactional,,https://exp76.ru/services/ukhod-za-sadom/,merge,manual_architecture_review,missing_representative_serp:SERP-7DE3AAD9BA6E,architecture_reviewed,medium,reviewed,codex-2026-08-28,Commercial intent remains with the immutable existing service hub; narrower destination is not approved without separate offer and content evidence.,S4-HUB,hub,,ready
M0124,SERP-854ADA9B5F75,S8,трубу в канаву уложить в рыбинске — commercial_research,commercial_research,,https://exp76.ru/services/vezd-zaezd-na-uchastok-cherez-kanavu-pod-kljuch/,merge,manual_architecture_review,Q000140,architecture_reviewed,medium,reviewed,codex-2026-08-28,Commercial intent remains with the immutable existing service hub; narrower destination is not approved without separate offer and content evidence.,S8-HUB,hub,,ready
M0125,SERP-87C0A7353C83,S1,услуги по благоустройства участка брейтово — transactional,transactional,https://exp76.ru/services/,https://exp76.ru/services/,merge,manual_architecture_review,Q000034,architecture_reviewed,high,reviewed,codex-2026-08-28,Broad landscaping/complex-improvement demand retains the legacy /services/ owner; it must not broaden the S1 landscape-design hub.,SPECIAL-SERVICES-CATALOG,special,,ready
M0126,SERP-88BDA565D7AA,S8,ярославская область сделать въезд в канаву — commercial_research,commercial_research,,https://exp76.ru/services/vezd-zaezd-na-uchastok-cherez-kanavu-pod-kljuch/,merge,manual_architecture_review,Q000141,architecture_reviewed,medium,reviewed,codex-2026-08-28,Commercial intent remains with the immutable existing service hub; narrower destination is not approved without separate offer and content evidence.,S8-HUB,hub,,ready
M0127,SERP-8F99DD3FB843,S4,обрезка кустарников — commercial_research,commercial_research,,https://exp76.ru/obrezka-derevev-i-kustarnikov/,merge,manual_architecture_review,Q000074|business_source:ftp_dump_minimal/wp-content/themes/land76wp/content/service-v2/ukhod-za-sadom.json#seo.description+services.items[Обрезка],architecture_reviewed,medium,reviewed,codex-2026-08-28,"Stored representative SERP supports a distinct service-page candidate. The exact offer is traceable to the current hub payload, while Task 3 case/photo mapping remains incomplete; publication is blocked on proof mapping.",S4-CHILD-OBREZKA,child_service,S4-HUB,blocked_facts
M0128,SERP-92449D7EF3C6,S2,газоны в рыбинске — commercial_research,commercial_research,,https://exp76.ru/category/avtopoliv-na-uchastke/,merge,manual_architecture_review,Q000046|protected_owner:https://exp76.ru/category/avtopoliv-na-uchastke/,architecture_reviewed,medium,reviewed,codex-2026-08-28,"Stored Q000046 is auto-irrigation dominated, so this lexical lawn projection merges into the protected auto-irrigation owner instead of the S2 lawn hub.",FROZEN-F839FE6BFD56,frozen,,ready
M0129,SERP-942863B727BD,S7,подсветка дорожек — commercial_research,commercial_research,,,exclude,manual_architecture_review,Q000111,architecture_reviewed,medium,reviewed,codex-2026-08-28,Stored SERP is product/guide led with no service landing; lighting-product demand is excluded.,,none,,backlog
M0130,SERP-951E1BC7177B,S6,устройство подпорной стенки — transactional,transactional,,https://exp76.ru/services/podpornye-stenki/,merge,manual_architecture_review,Q000106,architecture_reviewed,medium,reviewed,codex-2026-08-28,Commercial intent remains with the immutable existing service hub; narrower destination is not approved without separate offer and content evidence.,S6-HUB,hub,,ready
M0131,SERP-95322B4882AA,S8,обустройство въезда на участок ярославль — commercial_research,commercial_research,,https://exp76.ru/services/vezd-zaezd-na-uchastok-cherez-kanavu-pod-kljuch/,merge,manual_architecture_review,missing_representative_serp:SERP-95322B4882AA,architecture_reviewed,medium,reviewed,codex-2026-08-28,Commercial intent remains with the immutable existing service hub; narrower destination is not approved without separate offer and content evidence.,S8-HUB,hub,,ready
M0132,SERP-970C6936F24A,S6,организация выполняющая установкой гравитационной подпорной стены ярославль — commercial_research,commercial_research,,https://exp76.ru/services/podpornye-stenki/,merge,manual_architecture_review,Q000100,architecture_reviewed,high,reviewed,codex-2026-08-28,Commercial intent remains with the immutable existing service hub; narrower destination is not approved without separate offer and content evidence.,S6-HUB,hub,,ready
M0133,SERP-9F051612A9DA,S3,озеленение участка — commercial_research,commercial_research,,https://exp76.ru/services/posadka-derevev-i-kustarnikov/,merge,manual_architecture_review,Q000061,architecture_reviewed,medium,reviewed,codex-2026-08-28,Commercial intent remains with the immutable existing service hub; narrower destination is not approved without separate offer and content evidence.,S3-HUB,hub,,ready
M0134,SERP-A0149C55D54D,S1,стоимость работ по благоустройству территории ярославль — transactional,transactional,https://exp76.ru/services/,https://exp76.ru/services/,merge,manual_architecture_review,Q000032,architecture_reviewed,medium,reviewed,codex-2026-08-28,Broad landscaping/complex-improvement demand retains the legacy /services/ owner; it must not broaden the S1 landscape-design hub.,SPECIAL-SERVICES-CATALOG,special,,ready
M0135,SERP-A2EE2A3C7677,S3,дендролог в рыбинске — commercial_research,commercial_research,,https://exp76.ru/services/posadka-derevev-i-kustarnikov/,merge,manual_architecture_review,Q000059,architecture_reviewed,high,reviewed,codex-2026-08-28,Commercial intent remains with the immutable existing service hub; narrower destination is not approved without separate offer and content evidence.,S3-HUB,hub,,ready
M0136,SERP-AA3B1ED86F1C,S4,обслуживание садов — commercial_research,commercial_research,,https://exp76.ru/services/ukhod-za-sadom/,merge,manual_architecture_review,Q000075,architecture_reviewed,medium,reviewed,codex-2026-08-28,Commercial intent remains with the immutable existing service hub; narrower destination is not approved without separate offer and content evidence.,S4-HUB,hub,,ready
M0137,SERP-AA4C9E8989B0,S8,труба в канаву для заезда — commercial_research,commercial_research,,https://exp76.ru/services/vezd-zaezd-na-uchastok-cherez-kanavu-pod-kljuch/,merge,manual_architecture_review,Q000139,architecture_reviewed,medium,reviewed,codex-2026-08-28,Commercial intent remains with the immutable existing service hub; narrower destination is not approved without separate offer and content evidence.,S8-HUB,hub,,ready
M0138,SERP-AA8EBFF26F36,S5,планировка участка ярославль — commercial_research,commercial_research,,https://exp76.ru/services/planirovka-territorii/,merge,manual_architecture_review,Q000098,architecture_reviewed,medium,reviewed,codex-2026-08-28,Commercial intent remains with the immutable existing service hub; narrower destination is not approved without separate offer and content evidence.,S5-HUB,hub,,ready
M0139,SERP-AB14F61F8612,S1,стоимость реализации проекта обустройства частного участка в ярославской области компании — transactional,transactional,https://exp76.ru/services/,https://exp76.ru/services/,merge,manual_architecture_review,Q000033,architecture_reviewed,medium,reviewed,codex-2026-08-28,Broad landscaping/complex-improvement demand retains the legacy /services/ owner; it must not broaden the S1 landscape-design hub.,SPECIAL-SERVICES-CATALOG,special,,ready
M0140,SERP-AD553C0B8A2D,S1,компании по ландшафтному дизайну рыбинск под ключ — transactional,transactional,,https://exp76.ru/services/landshaftnoe-proektirovanie/,merge,manual_architecture_review,Q000013,architecture_reviewed,medium,reviewed,codex-2026-08-28,Commercial intent remains with the immutable existing service hub; narrower destination is not approved without separate offer and content evidence.,S1-HUB,hub,,ready
M0141,SERP-AD8EAA1CDE40,S2,газон под ключ полесье ярославль — transactional,transactional,,https://exp76.ru/services/gazon-posevnojj-i-gazon-rulonnyjj/,merge,manual_architecture_review,Q000042,architecture_reviewed,medium,reviewed,codex-2026-08-28,Commercial intent remains with the immutable existing service hub; narrower destination is not approved without separate offer and content evidence.,S2-HUB,hub,,ready
M0142,SERP-AE4638D982DC,S5,планировка грунта — commercial_research,commercial_research,,https://exp76.ru/services/planirovka-territorii/,merge,manual_architecture_review,Q000091,architecture_reviewed,medium,reviewed,codex-2026-08-28,Commercial intent remains with the immutable existing service hub; narrower destination is not approved without separate offer and content evidence.,S5-HUB,hub,,ready
M0143,SERP-B063D3C3AD98,S3,услуги по выбору и посадке фруктовых деревьев в ярославле — transactional,transactional,,https://exp76.ru/services/posadka-derevev-i-kustarnikov/,merge,manual_architecture_review,Q000068,architecture_reviewed,medium,reviewed,codex-2026-08-28,Commercial intent remains with the immutable existing service hub; narrower destination is not approved without separate offer and content evidence.,S3-HUB,hub,,ready
M0144,SERP-B592CED7E831,S4,обрезка деревьев — commercial_research,commercial_research,,https://exp76.ru/obrezka-derevev-i-kustarnikov/,child,manual_architecture_review,Q000072|business_source:ftp_dump_minimal/wp-content/themes/land76wp/content/service-v2/ukhod-za-sadom.json#seo.description+services.items[Обрезка],architecture_reviewed,medium,reviewed,codex-2026-08-28,"Stored representative SERP supports a distinct service-page candidate. The exact offer is traceable to the current hub payload, while Task 3 case/photo mapping remains incomplete; publication is blocked on proof mapping.",S4-CHILD-OBREZKA,child_service,S4-HUB,blocked_facts
M0145,SERP-BA00FDE71D08,S1,благоустройство в рыбинске — commercial_research,commercial_research,https://exp76.ru/services/,https://exp76.ru/services/,merge,manual_architecture_review,Q000003,architecture_reviewed,medium,reviewed,codex-2026-08-28,Broad landscaping/complex-improvement demand retains the legacy /services/ owner; it must not broaden the S1 landscape-design hub.,SPECIAL-SERVICES-CATALOG,special,,ready
M0146,SERP-BE9D594EE9B4,S1,дизайн проект участка — commercial_research,commercial_research,,https://exp76.ru/services/landshaftnoe-proektirovanie/,merge,manual_architecture_review,Q000010,architecture_reviewed,medium,reviewed,codex-2026-08-28,Commercial intent remains with the immutable existing service hub; narrower destination is not approved without separate offer and content evidence.,S1-HUB,hub,,ready
M0147,SERP-C1723250580F,S2,посевной газон под ключ г ярославль ул магистральная 7 7 — transactional,transactional,,https://exp76.ru/posevnoj-gazon-pod-kljuch/,merge,manual_architecture_review,Q000048|business_source:ftp_dump_minimal/wp-content/themes/land76wp/content/service-v2/gazon-posevnojj-i-gazon-rulonnyjj.json#services.items[Посевной газон],architecture_reviewed,medium,reviewed,codex-2026-08-28,"Stored representative SERP supports a distinct service-page candidate. The exact offer is traceable to the current hub payload, while Task 3 case/photo mapping remains incomplete; publication is blocked on proof mapping.",S2-CHILD-POSEVNOY-GAZON,child_service,S2-HUB,blocked_facts
M0148,SERP-D06FD14A8839,S2,газон под ключ — transactional,transactional,https://exp76.ru/services/gazon-posevnojj-i-gazon-rulonnyjj/,https://exp76.ru/services/gazon-posevnojj-i-gazon-rulonnyjj/,hub,manual_architecture_review,Q000040|Q000041,architecture_reviewed,medium,reviewed,codex-2026-08-28,Commercial intent remains with the immutable existing service hub; narrower destination is not approved without separate offer and content evidence.,S2-HUB,hub,,ready
M0149,SERP-D0ED9EC8158D,S7,ландшафтное освещение ярославль — commercial_research,commercial_research,,https://exp76.ru/services/ulichnoe-osveshhenie-uchastka/,merge,manual_architecture_review,Q000108,architecture_reviewed,medium,reviewed,codex-2026-08-28,Commercial intent remains with the immutable existing service hub; narrower destination is not approved without separate offer and content evidence.,S7-HUB,hub,,ready
M0150,SERP-D405C455A674,S2,рулонный газон — commercial_research,commercial_research,,https://exp76.ru/rulonnyj-gazon-pod-kljuch/,child,manual_architecture_review,Q000052|business_source:ftp_dump_minimal/wp-content/themes/land76wp/content/service-v2/gazon-posevnojj-i-gazon-rulonnyjj.json#services.items[Рулонный газон],architecture_reviewed,medium,reviewed,codex-2026-08-28,"Stored representative SERP supports a distinct service-page candidate. The exact offer is traceable to the current hub payload, while Task 3 case/photo mapping remains incomplete; publication is blocked on proof mapping.",S2-CHILD-RULONNY-GAZON,child_service,S2-HUB,blocked_facts
M0151,SERP-D5D9845EEF9D,S8,въезд через канаву цена — transactional,transactional,,https://exp76.ru/services/vezd-zaezd-na-uchastok-cherez-kanavu-pod-kljuch/,merge,manual_architecture_review,Q000120,architecture_reviewed,medium,reviewed,codex-2026-08-28,Commercial intent remains with the immutable existing service hub; narrower destination is not approved without separate offer and content evidence.,S8-HUB,hub,,ready
M0152,SERP-DA28A58E74C6,S8,въезд через канаву — commercial_research,commercial_research,https://exp76.ru/services/vezd-zaezd-na-uchastok-cherez-kanavu-pod-kljuch/,https://exp76.ru/services/vezd-zaezd-na-uchastok-cherez-kanavu-pod-kljuch/,hub,manual_architecture_review,Q000117|Q000118,architecture_reviewed,medium,reviewed,codex-2026-08-28,Commercial intent remains with the immutable existing service hub; narrower destination is not approved without separate offer and content evidence.,S8-HUB,hub,,ready
M0153,SERP-E3CEDAA277E9,S1,ландшафтный дизайнер коприно — commercial_research,commercial_research,,https://exp76.ru/services/landshaftnoe-proektirovanie/,merge,manual_architecture_review,Q000025,architecture_reviewed,medium,reviewed,codex-2026-08-28,Commercial intent remains with the immutable existing service hub; narrower destination is not approved without separate offer and content evidence.,S1-HUB,hub,,ready
M0154,SERP-E492AC35BA1A,S2,устройство газона — transactional,transactional,,https://exp76.ru/services/gazon-posevnojj-i-gazon-rulonnyjj/,merge,manual_architecture_review,Q000057,architecture_reviewed,medium,reviewed,codex-2026-08-28,Commercial intent remains with the immutable existing service hub; narrower destination is not approved without separate offer and content evidence.,S2-HUB,hub,,ready
M0155,SERP-E5B256F4A786,S1,ландшафтная компания эксперт — commercial_research,commercial_research,https://exp76.ru/services/,https://exp76.ru/services/,merge,manual_architecture_review,Q000016,architecture_reviewed,medium,reviewed,codex-2026-08-28,Broad landscaping/complex-improvement demand retains the legacy /services/ owner; it must not broaden the S1 landscape-design hub.,SPECIAL-SERVICES-CATALOG,special,,ready
M0156,SERP-E7E51C21D43B,S1,ландшафтный дизайн планировка участка — commercial_research,commercial_research,,https://exp76.ru/services/landshaftnoe-proektirovanie/,merge,manual_architecture_review,Q000022,architecture_reviewed,medium,reviewed,codex-2026-08-28,Commercial intent remains with the immutable existing service hub; narrower destination is not approved without separate offer and content evidence.,S1-HUB,hub,,ready
M0157,SERP-ED6D674F80F1,S4,обрезка деревьев цена — transactional,transactional,,https://exp76.ru/obrezka-derevev-i-kustarnikov/,merge,manual_architecture_review,Q000073|business_source:ftp_dump_minimal/wp-content/themes/land76wp/content/service-v2/ukhod-za-sadom.json#seo.description+services.items[Обрезка],architecture_reviewed,medium,reviewed,codex-2026-08-28,"Stored representative SERP supports a distinct service-page candidate. The exact offer is traceable to the current hub payload, while Task 3 case/photo mapping remains incomplete; publication is blocked on proof mapping.",S4-CHILD-OBREZKA,child_service,S4-HUB,blocked_facts
M0158,SERP-F24614ECFE67,S3,посадка деревьев — commercial_research,commercial_research,https://exp76.ru/services/posadka-derevev-i-kustarnikov/,https://exp76.ru/services/posadka-derevev-i-kustarnikov/,hub,manual_architecture_review,Q000063,architecture_reviewed,medium,reviewed,codex-2026-08-28,Commercial intent remains with the immutable existing service hub; narrower destination is not approved without separate offer and content evidence.,S3-HUB,hub,,ready
M0159,SERP-F560E613866F,S5,рассчитать стоимость выравнивания участка 5 соток — transactional,transactional,,https://exp76.ru/vyravnivanie-uchastka/,merge,manual_architecture_review,Q000099|business_source:ftp_dump_minimal/wp-content/themes/land76wp/content/service-v2/planirovka-territorii.json#intro+services.items[Выравнивание],architecture_reviewed,medium,reviewed,codex-2026-08-28,"Stored representative SERP supports a distinct service-page candidate. The exact offer is traceable to the current hub payload, while Task 3 case/photo mapping remains incomplete; publication is blocked on proof mapping.",S5-CHILD-VYRAVNIVANIE,child_service,S5-HUB,blocked_facts
M0160,SERP-FCAB83A5E3BE,S1,благоучтройство дачного участка в ярославской области — commercial_research,commercial_research,https://exp76.ru/services/,https://exp76.ru/services/,merge,manual_architecture_review,Q000009,architecture_reviewed,medium,reviewed,codex-2026-08-28,Broad landscaping/complex-improvement demand retains the legacy /services/ owner; it must not broaden the S1 landscape-design hub.,SPECIAL-SERVICES-CATALOG,special,,ready
M0161,SERP-FCF5B9416B09,S8,купить обычный мостик через канаву в рыбинске — product_only,product_only,,,exclude,manual_architecture_review,Q000136,architecture_reviewed,high,reviewed,codex-2026-08-28,Product-only demand has no installation-service destination and remains excluded.,,none,,backlog
M0162,SPECIAL-BRAND-HOMEPAGE,,clicked exp76 brand navigation,brand_navigation,https://exp76.ru/,https://exp76.ru/,special,manual_architecture_review,existing_special_owner,architecture_reviewed,high,reviewed,codex-2026-08-28,Existing special owner is retained and is outside the service-hub release inventory.,SPECIAL-BRAND-HOMEPAGE,special,,ready
M0163,SPECIAL-CALCULATOR,S1|S3|S4,existing calculator owner,calculator_intent,https://exp76.ru/kalkuljator-uslug/,https://exp76.ru/kalkuljator-uslug/,special,manual_architecture_review,existing_special_owner,architecture_reviewed,high,reviewed,codex-2026-08-28,Existing special owner is retained and is outside the service-hub release inventory.,SPECIAL-CALCULATOR,special,,ready
M0164,SPECIAL-EXTERNAL-EXCLUSION,S1|S2|S3|S4|S5|S8,reviewed external noise exclusion,external_noise,,,exclude,manual_architecture_review,reviewed_external_noise_policy,architecture_reviewed,high,reviewed,codex-2026-08-28,Reviewed external-noise cluster remains excluded from the page tree.,,none,,backlog
