cluster_id,service_id,destination_id,page_role,parent_destination_id,current_url,proposed_url,proposed_slug,url_action,publication_status,business_offer_confirmed,evidence_refs,review_status,reviewer,rationale
FROZEN-268E90FAC815,,FROZEN-268E90FAC815,frozen,,https://exp76.ru/category/drenazh-uchastka/,,category/drenazh-uchastka,frozen,ready,yes,protected_owner:https://exp76.ru/category/drenazh-uchastka/,reviewed,codex-2026-08-28,Protected category 87-92 owner retained exactly; no new destination is allowed.
FROZEN-5398736839B9,,FROZEN-5398736839B9,frozen,,https://exp76.ru/category/livnevaya-kanalizatsiya/,,category/livnevaya-kanalizatsiya,frozen,ready,yes,protected_owner:https://exp76.ru/category/livnevaya-kanalizatsiya/,reviewed,codex-2026-08-28,Protected category 87-92 owner retained exactly; no new destination is allowed.
FROZEN-6714C54192CE,,FROZEN-6714C54192CE,frozen,,https://exp76.ru/category/ukladka-trotuarnoy-plitki/,,category/ukladka-trotuarnoy-plitki,frozen,ready,yes,protected_owner:https://exp76.ru/category/ukladka-trotuarnoy-plitki/,reviewed,codex-2026-08-28,Protected category 87-92 owner retained exactly; no new destination is allowed.
FROZEN-7D3282BAA29C,,FROZEN-7D3282BAA29C,frozen,,https://exp76.ru/category/otmostka-vokrug-doma/,,category/otmostka-vokrug-doma,frozen,ready,yes,protected_owner:https://exp76.ru/category/otmostka-vokrug-doma/,reviewed,codex-2026-08-28,Protected category 87-92 owner retained exactly; no new destination is allowed.
FROZEN-DED8C0F5020F,,FROZEN-DED8C0F5020F,frozen,,https://exp76.ru/category/osushenie-uchastka/,,category/osushenie-uchastka,frozen,ready,yes,protected_owner:https://exp76.ru/category/osushenie-uchastka/,reviewed,codex-2026-08-28,Protected category 87-92 owner retained exactly; no new destination is allowed.
FROZEN-F839FE6BFD56,,FROZEN-F839FE6BFD56,frozen,,https://exp76.ru/category/avtopoliv-na-uchastke/,,category/avtopoliv-na-uchastke,frozen,ready,yes,protected_owner:https://exp76.ru/category/avtopoliv-na-uchastke/,reviewed,codex-2026-08-28,Protected category 87-92 owner retained exactly; no new destination is allowed.
HOLD-01309573C515,S2,,none,,,,,exclude,backlog,no,missing_representative_serp:HOLD-01309573C515,reviewed,codex-2026-08-28,Product-only demand has no installation-service destination and remains excluded.
HOLD-02B1313DE677,S8,,none,,,,,exclude,backlog,no,missing_representative_serp:HOLD-02B1313DE677,reviewed,codex-2026-08-28,Product-only demand has no installation-service destination and remains excluded.
HOLD-07E2BACAC1EA,S1,SPECIAL-SERVICES-CATALOG,special,,https://exp76.ru/services/,,services,merge,ready,yes,missing_representative_serp:HOLD-07E2BACAC1EA,reviewed,codex-2026-08-28,Broad landscaping/complex-improvement demand retains the legacy /services/ owner; it must not broaden the S1 landscape-design hub.
HOLD-0D178048D6E9,S4,S4-CHILD-OBREZKA,child_service,S4-HUB,,,obrezka-derevev-i-kustarnikov,merge,blocked_facts,yes,missing_representative_serp:HOLD-0D178048D6E9|business_source:ftp_dump_minimal/wp-content/themes/land76wp/content/service-v2/ukhod-za-sadom.json#seo.description+services.items[Обрезка],reviewed,codex-2026-08-28,"Stored representative SERP supports a distinct service-page candidate. The exact offer is traceable to the current hub payload, while Task 3 case/photo mapping remains incomplete; publication is blocked on proof mapping."
HOLD-136ED0AAB28A,S4,S4-ARTICLE-PRUNING-GUIDE,article,S4-HUB,,https://exp76.ru/obrezka-derevev-shema/,obrezka-derevev-shema,article,backlog,no,missing_representative_serp:HOLD-136ED0AAB28A,reviewed,codex-2026-08-28,"Informational intent stays separate from commercial pages, but no successful stored representative-query SERP exists; article is backlog pending evidence and media mapping."
HOLD-15A8258BC551,S2,S2-ARTICLE-15A8258BC551,article,S2-HUB,,https://exp76.ru/ustrojstvo-gazona-shema/,ustrojstvo-gazona-shema,article,backlog,no,missing_representative_serp:HOLD-15A8258BC551,reviewed,codex-2026-08-28,"Informational intent stays separate from commercial pages, but no successful stored representative-query SERP exists; article is backlog pending evidence and media mapping."
HOLD-182825428CBD,S2,S2-ARTICLE-182825428CBD,article,S2-HUB,,https://exp76.ru/kak-ukladyvat-rulonnyj-gazon/,kak-ukladyvat-rulonnyj-gazon,article,backlog,no,missing_representative_serp:HOLD-182825428CBD,reviewed,codex-2026-08-28,"Informational intent stays separate from commercial pages, but no successful stored representative-query SERP exists; article is backlog pending evidence and media mapping."
HOLD-1D9AC2530460,S3,S3-ARTICLE-PLANTING-SCHEMES,article,S3-HUB,,,normy-posadki-derevev,merge,backlog,no,missing_representative_serp:HOLD-1D9AC2530460,reviewed,codex-2026-08-28,"Informational intent stays separate from commercial pages, but no successful stored representative-query SERP exists; article is backlog pending evidence and media mapping."
HOLD-208FF2D300B0,S8,,none,,,,,exclude,backlog,no,missing_representative_serp:HOLD-208FF2D300B0,reviewed,codex-2026-08-28,Product-only demand has no installation-service destination and remains excluded.
HOLD-23F8882D4251,S2,S2-HUB,hub,,,,gazon-posevnojj-i-gazon-rulonnyjj,merge,ready,yes,missing_representative_serp:HOLD-23F8882D4251,reviewed,codex-2026-08-28,Commercial intent remains with the immutable existing service hub; narrower destination is not approved without separate offer and content evidence.
HOLD-28627278866D,S4,S4-HUB,hub,,,,ukhod-za-sadom,merge,ready,yes,missing_representative_serp:HOLD-28627278866D,reviewed,codex-2026-08-28,Commercial intent remains with the immutable existing service hub; narrower destination is not approved without separate offer and content evidence.
HOLD-2BF5D16865EA,S3,,none,,,,,exclude,backlog,no,missing_representative_serp:HOLD-2BF5D16865EA,reviewed,codex-2026-08-28,Product-only demand has no installation-service destination and remains excluded.
HOLD-2F188270E4C3,S8,,none,,,,,exclude,backlog,no,missing_representative_serp:HOLD-2F188270E4C3,reviewed,codex-2026-08-28,Product-only demand has no installation-service destination and remains excluded.
HOLD-2F1C98E80F71,S8,S8-ARTICLE-DIY-ENTRANCE,article,S8-HUB,,,kak-sdelat-vezd-na-uchastok-cherez-kanavu,merge,backlog,no,missing_representative_serp:HOLD-2F1C98E80F71,reviewed,codex-2026-08-28,"Informational intent stays separate from commercial pages, but no successful stored representative-query SERP exists; article is backlog pending evidence and media mapping."
HOLD-32452491B993,S4,S4-ARTICLE-PRUNING-GUIDE,article,S4-HUB,,,obrezka-derevev-shema,merge,backlog,no,missing_representative_serp:HOLD-32452491B993,reviewed,codex-2026-08-28,"Informational intent stays separate from commercial pages, but no successful stored representative-query SERP exists; article is backlog pending evidence and media mapping."
HOLD-36F4098CF473,S3,,none,,,,,exclude,backlog,no,missing_representative_serp:HOLD-36F4098CF473,reviewed,codex-2026-08-28,Product-only demand has no installation-service destination and remains excluded.
HOLD-37D2E790086A,S5,S5-HUB,hub,,,,planirovka-territorii,merge,ready,yes,missing_representative_serp:HOLD-37D2E790086A,reviewed,codex-2026-08-28,Commercial intent remains with the immutable existing service hub; narrower destination is not approved without separate offer and content evidence.
HOLD-38F85CB02478,S2,S2-CHILD-RULONNY-GAZON,child_service,S2-HUB,,,rulonnyj-gazon-pod-kljuch,merge,blocked_facts,yes,missing_representative_serp:HOLD-38F85CB02478|business_source:ftp_dump_minimal/wp-content/themes/land76wp/content/service-v2/gazon-posevnojj-i-gazon-rulonnyjj.json#services.items[Рулонный газон],reviewed,codex-2026-08-28,"Stored representative SERP supports a distinct service-page candidate. The exact offer is traceable to the current hub payload, while Task 3 case/photo mapping remains incomplete; publication is blocked on proof mapping."
HOLD-40520549FE6A,S1,,none,,,,,exclude,backlog,no,missing_representative_serp:HOLD-40520549FE6A,reviewed,codex-2026-08-28,Product-only demand has no installation-service destination and remains excluded.
HOLD-448EB54B315D,S1,SPECIAL-SERVICES-CATALOG,special,,https://exp76.ru/services/,,services,merge,ready,yes,missing_representative_serp:HOLD-448EB54B315D,reviewed,codex-2026-08-28,Broad landscaping/complex-improvement demand retains the legacy /services/ owner; it must not broaden the S1 landscape-design hub.
HOLD-4E5B4B602503,S5,S5-CHILD-VYRAVNIVANIE,child_service,S5-HUB,,,vyravnivanie-uchastka,merge,blocked_facts,yes,missing_representative_serp:HOLD-4E5B4B602503|business_source:ftp_dump_minimal/wp-content/themes/land76wp/content/service-v2/planirovka-territorii.json#intro+services.items[Выравнивание],reviewed,codex-2026-08-28,"Stored representative SERP supports a distinct service-page candidate. The exact offer is traceable to the current hub payload, while Task 3 case/photo mapping remains incomplete; publication is blocked on proof mapping."
HOLD-505521C7EF8C,S1,S1-ARTICLE-505521C7EF8C,article,S1-HUB,,https://exp76.ru/kak-rasschitat-stoimost-blagoustrojstva-sa-sotku/,kak-rasschitat-stoimost-blagoustrojstva-sa-sotku,article,backlog,no,missing_representative_serp:HOLD-505521C7EF8C,reviewed,codex-2026-08-28,"Informational intent stays separate from commercial pages, but no successful stored representative-query SERP exists; article is backlog pending evidence and media mapping."
HOLD-544177B45D38,S6,S6-ARTICLE-DIY-RETAINING-WALL,article,S6-HUB,,,podpornaya-stenka-na-uchastke-svoimi-rukami,merge,backlog,no,missing_representative_serp:HOLD-544177B45D38,reviewed,codex-2026-08-28,"Informational intent stays separate from commercial pages, but no successful stored representative-query SERP exists; article is backlog pending evidence and media mapping."
HOLD-5740939AB97F,S7,,none,,,,,exclude,backlog,no,missing_representative_serp:HOLD-5740939AB97F,reviewed,codex-2026-08-28,Product-only demand has no installation-service destination and remains excluded.
HOLD-5A855707AEC1,S7,S7-ARTICLE-DIY-LIGHTING,article,S7-HUB,,,kak-sdelat-osveschenie-na-uchastke,merge,backlog,no,missing_representative_serp:HOLD-5A855707AEC1,reviewed,codex-2026-08-28,"Informational intent stays separate from commercial pages, but no successful stored representative-query SERP exists; article is backlog pending evidence and media mapping."
HOLD-5B52CBB329C4,S8,S8-ARTICLE-DIY-ENTRANCE,article,S8-HUB,,,kak-sdelat-vezd-na-uchastok-cherez-kanavu,merge,backlog,no,missing_representative_serp:HOLD-5B52CBB329C4,reviewed,codex-2026-08-28,"Informational intent stays separate from commercial pages, but no successful stored representative-query SERP exists; article is backlog pending evidence and media mapping."
HOLD-6179B3D98517,S6,S6-HUB,hub,,,,podpornye-stenki,merge,ready,yes,missing_representative_serp:HOLD-6179B3D98517,reviewed,codex-2026-08-28,Commercial intent remains with the immutable existing service hub; narrower destination is not approved without separate offer and content evidence.
HOLD-630573F85F65,S7,,none,,,,,exclude,backlog,no,missing_representative_serp:HOLD-630573F85F65|query_form:product_lighting_fixtures,reviewed,codex-2026-08-28,The head query explicitly targets lighting fixtures and has no successful representative SERP; product demand is excluded.
HOLD-69BD3745F445,S8,S8-HUB,hub,,,,vezd-zaezd-na-uchastok-cherez-kanavu-pod-kljuch,merge,ready,yes,missing_representative_serp:HOLD-69BD3745F445,reviewed,codex-2026-08-28,Commercial intent remains with the immutable existing service hub; narrower destination is not approved without separate offer and content evidence.
HOLD-6AE9AB011A17,S3,S3-HUB,hub,,,,posadka-derevev-i-kustarnikov,merge,ready,yes,missing_representative_serp:HOLD-6AE9AB011A17,reviewed,codex-2026-08-28,Commercial intent remains with the immutable existing service hub; narrower destination is not approved without separate offer and content evidence.
HOLD-6C8BD897EC93,S8,S8-HUB,hub,,,,vezd-zaezd-na-uchastok-cherez-kanavu-pod-kljuch,merge,ready,yes,missing_representative_serp:HOLD-6C8BD897EC93,reviewed,codex-2026-08-28,Commercial intent remains with the immutable existing service hub; narrower destination is not approved without separate offer and content evidence.
HOLD-70212404217F,S6,S6-ARTICLE-DIY-RETAINING-WALL,article,S6-HUB,,https://exp76.ru/podpornaya-stenka-na-uchastke-svoimi-rukami/,podpornaya-stenka-na-uchastke-svoimi-rukami,article,backlog,no,missing_representative_serp:HOLD-70212404217F,reviewed,codex-2026-08-28,"Informational intent stays separate from commercial pages, but no successful stored representative-query SERP exists; article is backlog pending evidence and media mapping."
HOLD-72FBB49E67C8,S1,S1-ARTICLE-72FBB49E67C8,article,S1-HUB,,https://exp76.ru/kak-rasschitat-inzhenernoe-blagoustrojstvo-uchastka/,kak-rasschitat-inzhenernoe-blagoustrojstvo-uchastka,article,backlog,no,missing_representative_serp:HOLD-72FBB49E67C8,reviewed,codex-2026-08-28,"Informational intent stays separate from commercial pages, but no successful stored representative-query SERP exists; article is backlog pending evidence and media mapping."
HOLD-74B3B2B18DA4,S5,S5-ARTICLE-74B3B2B18DA4,article,S5-HUB,,https://exp76.ru/vyravnivanie-uchastka-svoimi-rukami/,vyravnivanie-uchastka-svoimi-rukami,article,backlog,no,missing_representative_serp:HOLD-74B3B2B18DA4,reviewed,codex-2026-08-28,"Informational intent stays separate from commercial pages, but no successful stored representative-query SERP exists; article is backlog pending evidence and media mapping."
HOLD-81D00C204EE9,S1,SPECIAL-SERVICES-CATALOG,special,,https://exp76.ru/services/,,services,merge,ready,yes,missing_representative_serp:HOLD-81D00C204EE9,reviewed,codex-2026-08-28,Broad landscaping/complex-improvement demand retains the legacy /services/ owner; it must not broaden the S1 landscape-design hub.
HOLD-86F8E876B7EA,S8,S8-HUB,hub,,,,vezd-zaezd-na-uchastok-cherez-kanavu-pod-kljuch,merge,ready,yes,missing_representative_serp:HOLD-86F8E876B7EA,reviewed,codex-2026-08-28,Commercial intent remains with the immutable existing service hub; narrower destination is not approved without separate offer and content evidence.
HOLD-89A4E8CC1C19,S2,S2-CHILD-RULONNY-GAZON,child_service,S2-HUB,,,rulonnyj-gazon-pod-kljuch,merge,blocked_facts,yes,missing_representative_serp:HOLD-89A4E8CC1C19|business_source:ftp_dump_minimal/wp-content/themes/land76wp/content/service-v2/gazon-posevnojj-i-gazon-rulonnyjj.json#services.items[Рулонный газон],reviewed,codex-2026-08-28,"Stored representative SERP supports a distinct service-page candidate. The exact offer is traceable to the current hub payload, while Task 3 case/photo mapping remains incomplete; publication is blocked on proof mapping."
HOLD-915B86D6B9ED,S5,S5-HUB,hub,,,,planirovka-territorii,merge,ready,yes,missing_representative_serp:HOLD-915B86D6B9ED,reviewed,codex-2026-08-28,Commercial intent remains with the immutable existing service hub; narrower destination is not approved without separate offer and content evidence.
HOLD-94EF07DDD02E,S1,S1-HUB,hub,,,,landshaftnoe-proektirovanie,merge,ready,yes,missing_representative_serp:HOLD-94EF07DDD02E,reviewed,codex-2026-08-28,Commercial intent remains with the immutable existing service hub; narrower destination is not approved without separate offer and content evidence.
HOLD-95F8CF43A6E3,S8,,none,,,,,exclude,backlog,no,missing_representative_serp:HOLD-95F8CF43A6E3,reviewed,codex-2026-08-28,Product-only demand has no installation-service destination and remains excluded.
HOLD-973F3BFE6409,S2,S2-HUB,hub,,,,gazon-posevnojj-i-gazon-rulonnyjj,merge,ready,yes,missing_representative_serp:HOLD-973F3BFE6409,reviewed,codex-2026-08-28,Commercial intent remains with the immutable existing service hub; narrower destination is not approved without separate offer and content evidence.
HOLD-9CF4ABC55090,S1,S1-ARTICLE-DIY-DESIGN,article,S1-HUB,,https://exp76.ru/dizajn-proekt-uchastka-svoimi-rukami/,dizajn-proekt-uchastka-svoimi-rukami,article,backlog,no,missing_representative_serp:HOLD-9CF4ABC55090,reviewed,codex-2026-08-28,"Informational intent stays separate from commercial pages, but no successful stored representative-query SERP exists; article is backlog pending evidence and media mapping."
HOLD-9DDC73BD2CD3,S1,S1-HUB,hub,,,,landshaftnoe-proektirovanie,merge,ready,yes,missing_representative_serp:HOLD-9DDC73BD2CD3,reviewed,codex-2026-08-28,Commercial intent remains with the immutable existing service hub; narrower destination is not approved without separate offer and content evidence.
HOLD-A31AAE5725CD,S3,S3-ARTICLE-PLANTING-SCHEMES,article,S3-HUB,,https://exp76.ru/normy-posadki-derevev/,normy-posadki-derevev,article,backlog,no,missing_representative_serp:HOLD-A31AAE5725CD,reviewed,codex-2026-08-28,"Informational intent stays separate from commercial pages, but no successful stored representative-query SERP exists; article is backlog pending evidence and media mapping."
HOLD-A73418137528,S5,,none,,,,,exclude,backlog,no,missing_representative_serp:HOLD-A73418137528,reviewed,codex-2026-08-28,Product-only demand has no installation-service destination and remains excluded.
HOLD-ADD9FC08AC1E,S8,S8-HUB,hub,,,,vezd-zaezd-na-uchastok-cherez-kanavu-pod-kljuch,merge,ready,yes,missing_representative_serp:HOLD-ADD9FC08AC1E,reviewed,codex-2026-08-28,Commercial intent remains with the immutable existing service hub; narrower destination is not approved without separate offer and content evidence.
HOLD-AF75D8A25C90,S3,S3-ARTICLE-PLANTING-SCHEMES,article,S3-HUB,,,normy-posadki-derevev,merge,backlog,no,missing_representative_serp:HOLD-AF75D8A25C90,reviewed,codex-2026-08-28,"Informational intent stays separate from commercial pages, but no successful stored representative-query SERP exists; article is backlog pending evidence and media mapping."
HOLD-B8BA815347B8,S8,S8-HUB,hub,,,,vezd-zaezd-na-uchastok-cherez-kanavu-pod-kljuch,merge,ready,yes,missing_representative_serp:HOLD-B8BA815347B8,reviewed,codex-2026-08-28,Commercial intent remains with the immutable existing service hub; narrower destination is not approved without separate offer and content evidence.
HOLD-BE6960839AF7,S7,,none,,,,,exclude,backlog,no,missing_representative_serp:HOLD-BE6960839AF7,reviewed,codex-2026-08-28,Product-only demand has no installation-service destination and remains excluded.
HOLD-BE8C4D20F9A4,S8,S8-ARTICLE-DIY-ENTRANCE,article,S8-HUB,,https://exp76.ru/kak-sdelat-vezd-na-uchastok-cherez-kanavu/,kak-sdelat-vezd-na-uchastok-cherez-kanavu,article,backlog,no,missing_representative_serp:HOLD-BE8C4D20F9A4,reviewed,codex-2026-08-28,"Informational intent stays separate from commercial pages, but no successful stored representative-query SERP exists; article is backlog pending evidence and media mapping."
HOLD-C135773E31D9,S2,S2-HUB,hub,,,,gazon-posevnojj-i-gazon-rulonnyjj,merge,ready,yes,missing_representative_serp:HOLD-C135773E31D9,reviewed,codex-2026-08-28,Commercial intent remains with the immutable existing service hub; narrower destination is not approved without separate offer and content evidence.
HOLD-C31745B2E9F7,S1,S1-HUB,hub,,,,landshaftnoe-proektirovanie,merge,ready,yes,missing_representative_serp:HOLD-C31745B2E9F7,reviewed,codex-2026-08-28,Commercial intent remains with the immutable existing service hub; narrower destination is not approved without separate offer and content evidence.
HOLD-CA29C3BD9F29,S7,S7-ARTICLE-DIY-LIGHTING,article,S7-HUB,,,kak-sdelat-osveschenie-na-uchastke,merge,backlog,no,missing_representative_serp:HOLD-CA29C3BD9F29,reviewed,codex-2026-08-28,"Informational intent stays separate from commercial pages, but no successful stored representative-query SERP exists; article is backlog pending evidence and media mapping."
HOLD-D5EEA7CA5259,S3,S3-HUB,hub,,,,posadka-derevev-i-kustarnikov,merge,ready,yes,missing_representative_serp:HOLD-D5EEA7CA5259,reviewed,codex-2026-08-28,Commercial intent remains with the immutable existing service hub; narrower destination is not approved without separate offer and content evidence.
HOLD-E54772AC58A0,S4,,none,,,,,exclude,backlog,no,missing_representative_serp:HOLD-E54772AC58A0,reviewed,codex-2026-08-28,Product-only demand has no installation-service destination and remains excluded.
HOLD-E5DA704779F6,S6,,none,,,,,exclude,backlog,no,missing_representative_serp:HOLD-E5DA704779F6,reviewed,codex-2026-08-28,Product-only demand has no installation-service destination and remains excluded.
HOLD-E9DA472745AE,S7,S7-HUB,hub,,,,ulichnoe-osveshhenie-uchastka,merge,ready,yes,missing_representative_serp:HOLD-E9DA472745AE,reviewed,codex-2026-08-28,Commercial intent remains with the immutable existing service hub; narrower destination is not approved without separate offer and content evidence.
HOLD-EB70299AA189,S8,S8-ARTICLE-DIY-ENTRANCE,article,S8-HUB,,,kak-sdelat-vezd-na-uchastok-cherez-kanavu,merge,backlog,no,missing_representative_serp:HOLD-EB70299AA189,reviewed,codex-2026-08-28,"Informational intent stays separate from commercial pages, but no successful stored representative-query SERP exists; article is backlog pending evidence and media mapping."
HOLD-EC53FCBA2C1F,S7,S7-ARTICLE-DIY-LIGHTING,article,S7-HUB,,https://exp76.ru/kak-sdelat-osveschenie-na-uchastke/,kak-sdelat-osveschenie-na-uchastke,article,backlog,no,missing_representative_serp:HOLD-EC53FCBA2C1F,reviewed,codex-2026-08-28,"Informational intent stays separate from commercial pages, but no successful stored representative-query SERP exists; article is backlog pending evidence and media mapping."
HOLD-F18CA983788E,S8,S8-HUB,hub,,,,vezd-zaezd-na-uchastok-cherez-kanavu-pod-kljuch,merge,ready,yes,missing_representative_serp:HOLD-F18CA983788E,reviewed,codex-2026-08-28,Commercial intent remains with the immutable existing service hub; narrower destination is not approved without separate offer and content evidence.
HOLD-F28F0E53D909,S7,S7-HUB,hub,,,,ulichnoe-osveshhenie-uchastka,merge,ready,yes,missing_representative_serp:HOLD-F28F0E53D909,reviewed,codex-2026-08-28,Commercial intent remains with the immutable existing service hub; narrower destination is not approved without separate offer and content evidence.
HOLD-F668FF6F6190,S4,S4-ARTICLE-F668FF6F6190,article,S4-HUB,,https://exp76.ru/shema-uhoda-za-sadom/,shema-uhoda-za-sadom,article,backlog,no,missing_representative_serp:HOLD-F668FF6F6190,reviewed,codex-2026-08-28,"Informational intent stays separate from commercial pages, but no successful stored representative-query SERP exists; article is backlog pending evidence and media mapping."
HOLD-FD41CABAE854,S1,S1-ARTICLE-DIY-DESIGN,article,S1-HUB,,,dizajn-proekt-uchastka-svoimi-rukami,merge,backlog,no,missing_representative_serp:HOLD-FD41CABAE854,reviewed,codex-2026-08-28,"Informational intent stays separate from commercial pages, but no successful stored representative-query SERP exists; article is backlog pending evidence and media mapping."
HOLD-FF3B04A53D72,S5,S5-ARTICLE-FF3B04A53D72,article,S5-HUB,,https://exp76.ru/shema-planirovki-uchastka/,shema-planirovki-uchastka,article,backlog,no,missing_representative_serp:HOLD-FF3B04A53D72,reviewed,codex-2026-08-28,"Informational intent stays separate from commercial pages, but no successful stored representative-query SERP exists; article is backlog pending evidence and media mapping."
SERP-01050EAE1F1F,S5,S5-HUB,hub,,,,planirovka-territorii,merge,ready,yes,Q000097,reviewed,codex-2026-08-28,Commercial intent remains with the immutable existing service hub; narrower destination is not approved without separate offer and content evidence.
SERP-02C1679FE41B,S3,S3-HUB,hub,,,,posadka-derevev-i-kustarnikov,merge,ready,yes,Q000062,reviewed,codex-2026-08-28,Commercial intent remains with the immutable existing service hub; narrower destination is not approved without separate offer and content evidence.
SERP-040A03E7E8F3,S8,S8-HUB,hub,,,,vezd-zaezd-na-uchastok-cherez-kanavu-pod-kljuch,merge,ready,yes,Q000121,reviewed,codex-2026-08-28,Commercial intent remains with the immutable existing service hub; narrower destination is not approved without separate offer and content evidence.
SERP-06251F551165,S1,S1-HUB,hub,,,,landshaftnoe-proektirovanie,merge,ready,yes,Q000028,reviewed,codex-2026-08-28,Commercial intent remains with the immutable existing service hub; narrower destination is not approved without separate offer and content evidence.
SERP-0767F40D1ED4,S2,S2-CHILD-RULONNY-GAZON,child_service,S2-HUB,,,rulonnyj-gazon-pod-kljuch,merge,blocked_facts,yes,Q000056|business_source:ftp_dump_minimal/wp-content/themes/land76wp/content/service-v2/gazon-posevnojj-i-gazon-rulonnyjj.json#services.items[Рулонный газон],reviewed,codex-2026-08-28,"Stored representative SERP supports a distinct service-page candidate. The exact offer is traceable to the current hub payload, while Task 3 case/photo mapping remains incomplete; publication is blocked on proof mapping."
SERP-09010110F02E,S3,S3-CHILD-KRUPNOMERY,child_service,S3-HUB,,https://exp76.ru/posadka-krupnomerov/,posadka-krupnomerov,child,blocked_facts,no,Q000064,reviewed,codex-2026-08-28,"Stored representative SERP supports a distinct service-page candidate. The exact business offer is not confirmed by current source material, and Task 3 case/photo mapping is incomplete; publication is blocked on those facts."
SERP-0A583602ED79,S2,,none,,,,,exclude,backlog,no,Q000051,reviewed,codex-2026-08-28,Product-only demand has no installation-service destination and remains excluded.
SERP-0D0F2C22B0AB,S4,S4-CHILD-OBREZKA,child_service,S4-HUB,,,obrezka-derevev-i-kustarnikov,merge,blocked_facts,yes,Q000069|business_source:ftp_dump_minimal/wp-content/themes/land76wp/content/service-v2/ukhod-za-sadom.json#seo.description+services.items[Обрезка],reviewed,codex-2026-08-28,"Stored representative SERP supports a distinct service-page candidate. The exact offer is traceable to the current hub payload, while Task 3 case/photo mapping remains incomplete; publication is blocked on proof mapping."
SERP-0DD3D2B067B4,S5,S5-HUB,hub,,,,planirovka-territorii,merge,ready,yes,missing_representative_serp:SERP-0DD3D2B067B4,reviewed,codex-2026-08-28,Commercial intent remains with the immutable existing service hub; narrower destination is not approved without separate offer and content evidence.
SERP-0FA0C101C6DD,S1,SPECIAL-SERVICES-CATALOG,special,,https://exp76.ru/services/,,services,merge,ready,yes,Q000027,reviewed,codex-2026-08-28,Broad landscaping/complex-improvement demand retains the legacy /services/ owner; it must not broaden the S1 landscape-design hub.
SERP-10BA4FC77863,S7,,none,,,,,exclude,backlog,no,Q000113,reviewed,codex-2026-08-28,"Stored SERP is dominated by municipal complaints, rules and repairs rather than private-site installation."
SERP-125679FE4BFA,S1,S1-HUB,hub,,,,landshaftnoe-proektirovanie,merge,ready,yes,Q000029,reviewed,codex-2026-08-28,Commercial intent remains with the immutable existing service hub; narrower destination is not approved without separate offer and content evidence.
SERP-13FD00FC92C7,S5,S5-CHILD-VYRAVNIVANIE,child_service,S5-HUB,,https://exp76.ru/vyravnivanie-uchastka/,vyravnivanie-uchastka,child,blocked_facts,yes,Q000081|business_source:ftp_dump_minimal/wp-content/themes/land76wp/content/service-v2/planirovka-territorii.json#intro+services.items[Выравнивание],reviewed,codex-2026-08-28,"Stored representative SERP supports a distinct service-page candidate. The exact offer is traceable to the current hub payload, while Task 3 case/photo mapping remains incomplete; publication is blocked on proof mapping."
SERP-151040020C7C,S2,S2-CHILD-RULONNY-GAZON,child_service,S2-HUB,,,rulonnyj-gazon-pod-kljuch,merge,blocked_facts,yes,Q000044|business_source:ftp_dump_minimal/wp-content/themes/land76wp/content/service-v2/gazon-posevnojj-i-gazon-rulonnyjj.json#services.items[Рулонный газон],reviewed,codex-2026-08-28,"Stored representative SERP supports a distinct service-page candidate. The exact offer is traceable to the current hub payload, while Task 3 case/photo mapping remains incomplete; publication is blocked on proof mapping."
SERP-18995A41CDF6,S1,S1-HUB,hub,,,,landshaftnoe-proektirovanie,merge,ready,yes,Q000024,reviewed,codex-2026-08-28,Commercial intent remains with the immutable existing service hub; narrower destination is not approved without separate offer and content evidence.
SERP-1E2A5B0176EC,S2,S2-CHILD-POSEVNOY-GAZON,child_service,S2-HUB,,,posevnoj-gazon-pod-kljuch,merge,blocked_facts,yes,Q000049|business_source:ftp_dump_minimal/wp-content/themes/land76wp/content/service-v2/gazon-posevnojj-i-gazon-rulonnyjj.json#services.items[Посевной газон],reviewed,codex-2026-08-28,"Stored representative SERP supports a distinct service-page candidate. The exact offer is traceable to the current hub payload, while Task 3 case/photo mapping remains incomplete; publication is blocked on proof mapping."
SERP-204FB8F3D895,S2,,none,,,,,exclude,backlog,no,missing_representative_serp:SERP-204FB8F3D895,reviewed,codex-2026-08-28,Product-only demand has no installation-service destination and remains excluded.
SERP-222F43C27897,S5,,none,,,,,exclude,backlog,no,missing_representative_serp:SERP-222F43C27897,reviewed,codex-2026-08-28,Product-only demand has no installation-service destination and remains excluded.
SERP-2716C16CFFC8,S7,S7-HUB,hub,,,,ulichnoe-osveshhenie-uchastka,merge,ready,yes,Q000114,reviewed,codex-2026-08-28,Commercial intent remains with the immutable existing service hub; narrower destination is not approved without separate offer and content evidence.
SERP-28A33A22AC12,S5,S5-HUB,hub,,,,planirovka-territorii,merge,ready,yes,Q000096,reviewed,codex-2026-08-28,Commercial intent remains with the immutable existing service hub; narrower destination is not approved without separate offer and content evidence.
SERP-28E8746F1C7F,S8,S8-HUB,hub,,,,vezd-zaezd-na-uchastok-cherez-kanavu-pod-kljuch,merge,ready,yes,Q000137,reviewed,codex-2026-08-28,Commercial intent remains with the immutable existing service hub; narrower destination is not approved without separate offer and content evidence.
SERP-38789FF53DEB,S5,S5-HUB,hub,,,,planirovka-territorii,merge,ready,yes,Q000092,reviewed,codex-2026-08-28,Commercial intent remains with the immutable existing service hub; narrower destination is not approved without separate offer and content evidence.
SERP-3AF29E33EBAC,S5,S5-CHILD-VYRAVNIVANIE,child_service,S5-HUB,,,vyravnivanie-uchastka,merge,blocked_facts,yes,Q000082|business_source:ftp_dump_minimal/wp-content/themes/land76wp/content/service-v2/planirovka-territorii.json#intro+services.items[Выравнивание],reviewed,codex-2026-08-28,"Stored representative SERP supports a distinct service-page candidate. The exact offer is traceable to the current hub payload, while Task 3 case/photo mapping remains incomplete; publication is blocked on proof mapping."
SERP-3CDF6B2A903F,S6,S6-HUB,hub,,,,podpornye-stenki,merge,ready,yes,Q000101,reviewed,codex-2026-08-28,Commercial intent remains with the immutable existing service hub; narrower destination is not approved without separate offer and content evidence.
SERP-3DA3A83AC9A8,S3,S3-HUB,hub,,,,posadka-derevev-i-kustarnikov,merge,ready,yes,Q000065,reviewed,codex-2026-08-28,Commercial intent remains with the immutable existing service hub; narrower destination is not approved without separate offer and content evidence.
SERP-468BED4A1CF4,S6,S6-HUB,hub,,,,podpornye-stenki,merge,ready,yes,Q000103,reviewed,codex-2026-08-28,Commercial intent remains with the immutable existing service hub; narrower destination is not approved without separate offer and content evidence.
SERP-46D9E5DD0AF8,S8,S8-HUB,hub,,,,vezd-zaezd-na-uchastok-cherez-kanavu-pod-kljuch,merge,ready,yes,Q000128,reviewed,codex-2026-08-28,Commercial intent remains with the immutable existing service hub; narrower destination is not approved without separate offer and content evidence.
SERP-48476265400C,S1,S1-HUB,hub,,,,landshaftnoe-proektirovanie,merge,ready,yes,Q000011,reviewed,codex-2026-08-28,Commercial intent remains with the immutable existing service hub; narrower destination is not approved without separate offer and content evidence.
SERP-490CDCE58295,S5,S5-HUB,hub,,,,planirovka-territorii,merge,ready,yes,Q000090,reviewed,codex-2026-08-28,Commercial intent remains with the immutable existing service hub; narrower destination is not approved without separate offer and content evidence.
SERP-4D594D564DC8,S1,S1-HUB,hub,,,,landshaftnoe-proektirovanie,merge,ready,yes,Q000023,reviewed,codex-2026-08-28,Commercial intent remains with the immutable existing service hub; narrower destination is not approved without separate offer and content evidence.
SERP-4D82034EB5C5,S2,S2-CHILD-RULONNY-GAZON,child_service,S2-HUB,,,rulonnyj-gazon-pod-kljuch,merge,blocked_facts,yes,Q000058|business_source:ftp_dump_minimal/wp-content/themes/land76wp/content/service-v2/gazon-posevnojj-i-gazon-rulonnyjj.json#services.items[Рулонный газон],reviewed,codex-2026-08-28,"Stored representative SERP supports a distinct service-page candidate. The exact offer is traceable to the current hub payload, while Task 3 case/photo mapping remains incomplete; publication is blocked on proof mapping."
SERP-4FFE505A1BD1,S7,,none,,,,,exclude,backlog,no,Q000110|Q000112,reviewed,codex-2026-08-28,Stored SERPs are guide/product led with no service landing; the mixed cluster is excluded from the ready hub.
SERP-501565B73C13,S1,SPECIAL-SERVICES-CATALOG,special,,https://exp76.ru/services/,,services,merge,ready,yes,Q000004,reviewed,codex-2026-08-28,Broad landscaping/complex-improvement demand retains the legacy /services/ owner; it must not broaden the S1 landscape-design hub.
SERP-504953171519,S8,S8-HUB,hub,,,,vezd-zaezd-na-uchastok-cherez-kanavu-pod-kljuch,merge,ready,yes,Q000127,reviewed,codex-2026-08-28,Commercial intent remains with the immutable existing service hub; narrower destination is not approved without separate offer and content evidence.
SERP-5703FC9B6AB2,S6,S6-HUB,hub,,,,podpornye-stenki,merge,ready,yes,Q000105,reviewed,codex-2026-08-28,Commercial intent remains with the immutable existing service hub; narrower destination is not approved without separate offer and content evidence.
SERP-57EC0E41B977,S8,S8-HUB,hub,,,,vezd-zaezd-na-uchastok-cherez-kanavu-pod-kljuch,merge,ready,yes,Q000134,reviewed,codex-2026-08-28,Commercial intent remains with the immutable existing service hub; narrower destination is not approved without separate offer and content evidence.
SERP-5A0AE0E41D86,S7,,none,,,,,exclude,backlog,no,Q000107,reviewed,codex-2026-08-28,Stored SERP is product_catalog:10 with no service landing; product demand is excluded.
SERP-6070ECC246E8,S2,S2-CHILD-POSEVNOY-GAZON,child_service,S2-HUB,,https://exp76.ru/posevnoj-gazon-pod-kljuch/,posevnoj-gazon-pod-kljuch,child,blocked_facts,yes,Q000047|business_source:ftp_dump_minimal/wp-content/themes/land76wp/content/service-v2/gazon-posevnojj-i-gazon-rulonnyjj.json#services.items[Посевной газон],reviewed,codex-2026-08-28,"Stored representative SERP supports a distinct service-page candidate. The exact offer is traceable to the current hub payload, while Task 3 case/photo mapping remains incomplete; publication is blocked on proof mapping."
SERP-634958A3C2DB,S2,S2-CHILD-RULONNY-GAZON,child_service,S2-HUB,,,rulonnyj-gazon-pod-kljuch,merge,blocked_facts,yes,Q000055|business_source:ftp_dump_minimal/wp-content/themes/land76wp/content/service-v2/gazon-posevnojj-i-gazon-rulonnyjj.json#services.items[Рулонный газон],reviewed,codex-2026-08-28,"Stored representative SERP supports a distinct service-page candidate. The exact offer is traceable to the current hub payload, while Task 3 case/photo mapping remains incomplete; publication is blocked on proof mapping."
SERP-63EDD3F67224,S2,S2-HUB,hub,,,,gazon-posevnojj-i-gazon-rulonnyjj,merge,ready,yes,Q000039,reviewed,codex-2026-08-28,Commercial intent remains with the immutable existing service hub; narrower destination is not approved without separate offer and content evidence.
SERP-651B7A994F7E,S4,S4-HUB,hub,,,,ukhod-za-sadom,merge,ready,yes,Q000077,reviewed,codex-2026-08-28,Commercial intent remains with the immutable existing service hub; narrower destination is not approved without separate offer and content evidence.
SERP-65D0D96753C1,S3,S3-HUB,hub,,,,posadka-derevev-i-kustarnikov,merge,ready,yes,Q000067,reviewed,codex-2026-08-28,Commercial intent remains with the immutable existing service hub; narrower destination is not approved without separate offer and content evidence.
SERP-69104D6AA308,S6,S6-HUB,hub,,https://exp76.ru/services/podpornye-stenki/,,podpornye-stenki,hub,ready,yes,Q000104,reviewed,codex-2026-08-28,Commercial intent remains with the immutable existing service hub; narrower destination is not approved without separate offer and content evidence.
SERP-6979557B24CA,S7,S7-HUB,hub,,https://exp76.ru/services/ulichnoe-osveshhenie-uchastka/,,ulichnoe-osveshhenie-uchastka,hub,ready,yes,Q000109,reviewed,codex-2026-08-28,Commercial intent remains with the immutable existing service hub; narrower destination is not approved without separate offer and content evidence.
SERP-6CE4B6AF888B,S4,S4-HUB,hub,,https://exp76.ru/services/ukhod-za-sadom/,,ukhod-za-sadom,hub,ready,yes,Q000078,reviewed,codex-2026-08-28,Commercial intent remains with the immutable existing service hub; narrower destination is not approved without separate offer and content evidence.
SERP-6DB26688AA57,S5,S5-HUB,hub,,https://exp76.ru/services/planirovka-territorii/,,planirovka-territorii,hub,ready,yes,Q000094|Q000095,reviewed,codex-2026-08-28,Commercial intent remains with the immutable existing service hub; narrower destination is not approved without separate offer and content evidence.
SERP-704B34378555,S1,S1-HUB,hub,,https://exp76.ru/services/landshaftnoe-proektirovanie/,,landshaftnoe-proektirovanie,hub,ready,yes,Q000019,reviewed,codex-2026-08-28,Commercial intent remains with the immutable existing service hub; narrower destination is not approved without separate offer and content evidence.
SERP-785822A3ED71,S3,S3-HUB,hub,,,,posadka-derevev-i-kustarnikov,merge,ready,yes,Q000066,reviewed,codex-2026-08-28,Commercial intent remains with the immutable existing service hub; narrower destination is not approved without separate offer and content evidence.
SERP-7A77EA65DFCA,S1,SPECIAL-SERVICES-CATALOG,special,,https://exp76.ru/services/,,services,special,ready,yes,Q000005,reviewed,codex-2026-08-28,Broad landscaping/complex-improvement demand retains the legacy /services/ owner; it must not broaden the S1 landscape-design hub.
SERP-7BD020023148,S4,S4-HUB,hub,,,,ukhod-za-sadom,merge,ready,yes,Q000071,reviewed,codex-2026-08-28,Commercial intent remains with the immutable existing service hub; narrower destination is not approved without separate offer and content evidence.
SERP-7C47C44022BF,S2,S2-CHILD-RULONNY-GAZON,child_service,S2-HUB,,,rulonnyj-gazon-pod-kljuch,merge,blocked_facts,yes,Q000054|business_source:ftp_dump_minimal/wp-content/themes/land76wp/content/service-v2/gazon-posevnojj-i-gazon-rulonnyjj.json#services.items[Рулонный газон],reviewed,codex-2026-08-28,"Stored representative SERP supports a distinct service-page candidate. The exact offer is traceable to the current hub payload, while Task 3 case/photo mapping remains incomplete; publication is blocked on proof mapping."
SERP-7CD860AE1E28,S5,S5-HUB,hub,,,,planirovka-territorii,merge,ready,yes,missing_representative_serp:SERP-7CD860AE1E28,reviewed,codex-2026-08-28,Commercial intent remains with the immutable existing service hub; narrower destination is not approved without separate offer and content evidence.
SERP-7DE3AAD9BA6E,S4,S4-HUB,hub,,,,ukhod-za-sadom,merge,ready,yes,missing_representative_serp:SERP-7DE3AAD9BA6E,reviewed,codex-2026-08-28,Commercial intent remains with the immutable existing service hub; narrower destination is not approved without separate offer and content evidence.
SERP-854ADA9B5F75,S8,S8-HUB,hub,,,,vezd-zaezd-na-uchastok-cherez-kanavu-pod-kljuch,merge,ready,yes,Q000140,reviewed,codex-2026-08-28,Commercial intent remains with the immutable existing service hub; narrower destination is not approved without separate offer and content evidence.
SERP-87C0A7353C83,S1,SPECIAL-SERVICES-CATALOG,special,,https://exp76.ru/services/,,services,merge,ready,yes,Q000034,reviewed,codex-2026-08-28,Broad landscaping/complex-improvement demand retains the legacy /services/ owner; it must not broaden the S1 landscape-design hub.
SERP-88BDA565D7AA,S8,S8-HUB,hub,,,,vezd-zaezd-na-uchastok-cherez-kanavu-pod-kljuch,merge,ready,yes,Q000141,reviewed,codex-2026-08-28,Commercial intent remains with the immutable existing service hub; narrower destination is not approved without separate offer and content evidence.
SERP-8F99DD3FB843,S4,S4-CHILD-OBREZKA,child_service,S4-HUB,,,obrezka-derevev-i-kustarnikov,merge,blocked_facts,yes,Q000074|business_source:ftp_dump_minimal/wp-content/themes/land76wp/content/service-v2/ukhod-za-sadom.json#seo.description+services.items[Обрезка],reviewed,codex-2026-08-28,"Stored representative SERP supports a distinct service-page candidate. The exact offer is traceable to the current hub payload, while Task 3 case/photo mapping remains incomplete; publication is blocked on proof mapping."
SERP-92449D7EF3C6,S2,FROZEN-F839FE6BFD56,frozen,,,,,merge,ready,no,Q000046|protected_owner:https://exp76.ru/category/avtopoliv-na-uchastke/,reviewed,codex-2026-08-28,"Stored Q000046 is auto-irrigation dominated, so this lexical lawn projection merges into the protected auto-irrigation owner instead of the S2 lawn hub."
SERP-942863B727BD,S7,,none,,,,,exclude,backlog,no,Q000111,reviewed,codex-2026-08-28,Stored SERP is product/guide led with no service landing; lighting-product demand is excluded.
SERP-951E1BC7177B,S6,S6-HUB,hub,,,,podpornye-stenki,merge,ready,yes,Q000106,reviewed,codex-2026-08-28,Commercial intent remains with the immutable existing service hub; narrower destination is not approved without separate offer and content evidence.
SERP-95322B4882AA,S8,S8-HUB,hub,,,,vezd-zaezd-na-uchastok-cherez-kanavu-pod-kljuch,merge,ready,yes,missing_representative_serp:SERP-95322B4882AA,reviewed,codex-2026-08-28,Commercial intent remains with the immutable existing service hub; narrower destination is not approved without separate offer and content evidence.
SERP-970C6936F24A,S6,S6-HUB,hub,,,,podpornye-stenki,merge,ready,yes,Q000100,reviewed,codex-2026-08-28,Commercial intent remains with the immutable existing service hub; narrower destination is not approved without separate offer and content evidence.
SERP-9F051612A9DA,S3,S3-HUB,hub,,,,posadka-derevev-i-kustarnikov,merge,ready,yes,Q000061,reviewed,codex-2026-08-28,Commercial intent remains with the immutable existing service hub; narrower destination is not approved without separate offer and content evidence.
SERP-A0149C55D54D,S1,SPECIAL-SERVICES-CATALOG,special,,https://exp76.ru/services/,,services,merge,ready,yes,Q000032,reviewed,codex-2026-08-28,Broad landscaping/complex-improvement demand retains the legacy /services/ owner; it must not broaden the S1 landscape-design hub.
SERP-A2EE2A3C7677,S3,S3-HUB,hub,,,,posadka-derevev-i-kustarnikov,merge,ready,yes,Q000059,reviewed,codex-2026-08-28,Commercial intent remains with the immutable existing service hub; narrower destination is not approved without separate offer and content evidence.
SERP-AA3B1ED86F1C,S4,S4-HUB,hub,,,,ukhod-za-sadom,merge,ready,yes,Q000075,reviewed,codex-2026-08-28,Commercial intent remains with the immutable existing service hub; narrower destination is not approved without separate offer and content evidence.
SERP-AA4C9E8989B0,S8,S8-HUB,hub,,,,vezd-zaezd-na-uchastok-cherez-kanavu-pod-kljuch,merge,ready,yes,Q000139,reviewed,codex-2026-08-28,Commercial intent remains with the immutable existing service hub; narrower destination is not approved without separate offer and content evidence.
SERP-AA8EBFF26F36,S5,S5-HUB,hub,,,,planirovka-territorii,merge,ready,yes,Q000098,reviewed,codex-2026-08-28,Commercial intent remains with the immutable existing service hub; narrower destination is not approved without separate offer and content evidence.
SERP-AB14F61F8612,S1,SPECIAL-SERVICES-CATALOG,special,,https://exp76.ru/services/,,services,merge,ready,yes,Q000033,reviewed,codex-2026-08-28,Broad landscaping/complex-improvement demand retains the legacy /services/ owner; it must not broaden the S1 landscape-design hub.
SERP-AD553C0B8A2D,S1,S1-HUB,hub,,,,landshaftnoe-proektirovanie,merge,ready,yes,Q000013,reviewed,codex-2026-08-28,Commercial intent remains with the immutable existing service hub; narrower destination is not approved without separate offer and content evidence.
SERP-AD8EAA1CDE40,S2,S2-HUB,hub,,,,gazon-posevnojj-i-gazon-rulonnyjj,merge,ready,yes,Q000042,reviewed,codex-2026-08-28,Commercial intent remains with the immutable existing service hub; narrower destination is not approved without separate offer and content evidence.
SERP-AE4638D982DC,S5,S5-HUB,hub,,,,planirovka-territorii,merge,ready,yes,Q000091,reviewed,codex-2026-08-28,Commercial intent remains with the immutable existing service hub; narrower destination is not approved without separate offer and content evidence.
SERP-B063D3C3AD98,S3,S3-HUB,hub,,,,posadka-derevev-i-kustarnikov,merge,ready,yes,Q000068,reviewed,codex-2026-08-28,Commercial intent remains with the immutable existing service hub; narrower destination is not approved without separate offer and content evidence.
SERP-B592CED7E831,S4,S4-CHILD-OBREZKA,child_service,S4-HUB,,https://exp76.ru/obrezka-derevev-i-kustarnikov/,obrezka-derevev-i-kustarnikov,child,blocked_facts,yes,Q000072|business_source:ftp_dump_minimal/wp-content/themes/land76wp/content/service-v2/ukhod-za-sadom.json#seo.description+services.items[Обрезка],reviewed,codex-2026-08-28,"Stored representative SERP supports a distinct service-page candidate. The exact offer is traceable to the current hub payload, while Task 3 case/photo mapping remains incomplete; publication is blocked on proof mapping."
SERP-BA00FDE71D08,S1,SPECIAL-SERVICES-CATALOG,special,,https://exp76.ru/services/,,services,merge,ready,yes,Q000003,reviewed,codex-2026-08-28,Broad landscaping/complex-improvement demand retains the legacy /services/ owner; it must not broaden the S1 landscape-design hub.
SERP-BE9D594EE9B4,S1,S1-HUB,hub,,,,landshaftnoe-proektirovanie,merge,ready,yes,Q000010,reviewed,codex-2026-08-28,Commercial intent remains with the immutable existing service hub; narrower destination is not approved without separate offer and content evidence.
SERP-C1723250580F,S2,S2-CHILD-POSEVNOY-GAZON,child_service,S2-HUB,,,posevnoj-gazon-pod-kljuch,merge,blocked_facts,yes,Q000048|business_source:ftp_dump_minimal/wp-content/themes/land76wp/content/service-v2/gazon-posevnojj-i-gazon-rulonnyjj.json#services.items[Посевной газон],reviewed,codex-2026-08-28,"Stored representative SERP supports a distinct service-page candidate. The exact offer is traceable to the current hub payload, while Task 3 case/photo mapping remains incomplete; publication is blocked on proof mapping."
SERP-D06FD14A8839,S2,S2-HUB,hub,,https://exp76.ru/services/gazon-posevnojj-i-gazon-rulonnyjj/,,gazon-posevnojj-i-gazon-rulonnyjj,hub,ready,yes,Q000040|Q000041,reviewed,codex-2026-08-28,Commercial intent remains with the immutable existing service hub; narrower destination is not approved without separate offer and content evidence.
SERP-D0ED9EC8158D,S7,S7-HUB,hub,,,,ulichnoe-osveshhenie-uchastka,merge,ready,yes,Q000108,reviewed,codex-2026-08-28,Commercial intent remains with the immutable existing service hub; narrower destination is not approved without separate offer and content evidence.
SERP-D405C455A674,S2,S2-CHILD-RULONNY-GAZON,child_service,S2-HUB,,https://exp76.ru/rulonnyj-gazon-pod-kljuch/,rulonnyj-gazon-pod-kljuch,child,blocked_facts,yes,Q000052|business_source:ftp_dump_minimal/wp-content/themes/land76wp/content/service-v2/gazon-posevnojj-i-gazon-rulonnyjj.json#services.items[Рулонный газон],reviewed,codex-2026-08-28,"Stored representative SERP supports a distinct service-page candidate. The exact offer is traceable to the current hub payload, while Task 3 case/photo mapping remains incomplete; publication is blocked on proof mapping."
SERP-D5D9845EEF9D,S8,S8-HUB,hub,,,,vezd-zaezd-na-uchastok-cherez-kanavu-pod-kljuch,merge,ready,yes,Q000120,reviewed,codex-2026-08-28,Commercial intent remains with the immutable existing service hub; narrower destination is not approved without separate offer and content evidence.
SERP-DA28A58E74C6,S8,S8-HUB,hub,,https://exp76.ru/services/vezd-zaezd-na-uchastok-cherez-kanavu-pod-kljuch/,,vezd-zaezd-na-uchastok-cherez-kanavu-pod-kljuch,hub,ready,yes,Q000117|Q000118,reviewed,codex-2026-08-28,Commercial intent remains with the immutable existing service hub; narrower destination is not approved without separate offer and content evidence.
SERP-E3CEDAA277E9,S1,S1-HUB,hub,,,,landshaftnoe-proektirovanie,merge,ready,yes,Q000025,reviewed,codex-2026-08-28,Commercial intent remains with the immutable existing service hub; narrower destination is not approved without separate offer and content evidence.
SERP-E492AC35BA1A,S2,S2-HUB,hub,,,,gazon-posevnojj-i-gazon-rulonnyjj,merge,ready,yes,Q000057,reviewed,codex-2026-08-28,Commercial intent remains with the immutable existing service hub; narrower destination is not approved without separate offer and content evidence.
SERP-E5B256F4A786,S1,SPECIAL-SERVICES-CATALOG,special,,https://exp76.ru/services/,,services,merge,ready,yes,Q000016,reviewed,codex-2026-08-28,Broad landscaping/complex-improvement demand retains the legacy /services/ owner; it must not broaden the S1 landscape-design hub.
SERP-E7E51C21D43B,S1,S1-HUB,hub,,,,landshaftnoe-proektirovanie,merge,ready,yes,Q000022,reviewed,codex-2026-08-28,Commercial intent remains with the immutable existing service hub; narrower destination is not approved without separate offer and content evidence.
SERP-ED6D674F80F1,S4,S4-CHILD-OBREZKA,child_service,S4-HUB,,,obrezka-derevev-i-kustarnikov,merge,blocked_facts,yes,Q000073|business_source:ftp_dump_minimal/wp-content/themes/land76wp/content/service-v2/ukhod-za-sadom.json#seo.description+services.items[Обрезка],reviewed,codex-2026-08-28,"Stored representative SERP supports a distinct service-page candidate. The exact offer is traceable to the current hub payload, while Task 3 case/photo mapping remains incomplete; publication is blocked on proof mapping."
SERP-F24614ECFE67,S3,S3-HUB,hub,,https://exp76.ru/services/posadka-derevev-i-kustarnikov/,,posadka-derevev-i-kustarnikov,hub,ready,yes,Q000063,reviewed,codex-2026-08-28,Commercial intent remains with the immutable existing service hub; narrower destination is not approved without separate offer and content evidence.
SERP-F560E613866F,S5,S5-CHILD-VYRAVNIVANIE,child_service,S5-HUB,,,vyravnivanie-uchastka,merge,blocked_facts,yes,Q000099|business_source:ftp_dump_minimal/wp-content/themes/land76wp/content/service-v2/planirovka-territorii.json#intro+services.items[Выравнивание],reviewed,codex-2026-08-28,"Stored representative SERP supports a distinct service-page candidate. The exact offer is traceable to the current hub payload, while Task 3 case/photo mapping remains incomplete; publication is blocked on proof mapping."
SERP-FCAB83A5E3BE,S1,SPECIAL-SERVICES-CATALOG,special,,https://exp76.ru/services/,,services,merge,ready,yes,Q000009,reviewed,codex-2026-08-28,Broad landscaping/complex-improvement demand retains the legacy /services/ owner; it must not broaden the S1 landscape-design hub.
SERP-FCF5B9416B09,S8,,none,,,,,exclude,backlog,no,Q000136,reviewed,codex-2026-08-28,Product-only demand has no installation-service destination and remains excluded.
SPECIAL-BRAND-HOMEPAGE,,SPECIAL-BRAND-HOMEPAGE,special,,https://exp76.ru/,,homepage,special,ready,no,existing_special_owner,reviewed,codex-2026-08-28,Existing special owner is retained and is outside the service-hub release inventory.
SPECIAL-CALCULATOR,S1|S3|S4,SPECIAL-CALCULATOR,special,,https://exp76.ru/kalkuljator-uslug/,,kalkuljator-uslug,special,ready,no,existing_special_owner,reviewed,codex-2026-08-28,Existing special owner is retained and is outside the service-hub release inventory.
SPECIAL-EXTERNAL-EXCLUSION,S1|S2|S3|S4|S5|S8,,none,,,,,exclude,backlog,no,reviewed_external_noise_policy,reviewed,codex-2026-08-28,Reviewed external-noise cluster remains excluded from the page tree.
